filtered_data, frequency, frequency_magnitude, threshold
-931.210206, 0.000000, 6928.435322, 173.727273
-986.444979, 488.281250, 1511.208051, 173.727273
-570.346939, 976.562500, 6924.558599, 173.727273
-178.601937, 1464.843750, 1513.929676, 173.727273
219.115399, 1953.125000, 6929.615320, 173.727273
534.312931, 2441.406250, 1489.460924, 173.727273
724.388153, 2929.687500, 6943.306813, 173.727273
951.456811, 3417.968750, 1492.521558, 173.727273
666.190239, 3906.250000, 6951.567279, 173.727273
10.343753, 4394.531250, 1470.444712, 173.727273
-414.441370, 4882.812500, 6992.245162, 173.727273
-665.301089, 5371.093750, 1468.544746, 173.727273
-887.679743, 5859.375000, 6997.606381, 173.727273
-739.918073, 6347.656250, 1443.381493, 173.727273
-340.109766, 6835.937500, 7041.898501, 173.727273
67.912922, 7324.218750, 1411.438078, 173.727273
331.526209, 7812.500000, 7048.314151, 173.727273
541.820483, 8300.781250, 1379.238246, 173.727273
746.402776, 8789.062500, 7073.261619, 173.727273
620.908699, 9277.343750, 1317.698797, 173.727273
367.861018, 9765.625000, 7097.077601, 173.727273
240.263358, 10253.906250, 1273.916926, 173.727273
-4.186262, 10742.187500, 7120.794640, 173.727273
-443.263030, 11230.468750, 1208.826714, 173.727273
-724.708453, 11718.750000, 7161.531405, 173.727273
-816.008236, 12207.031250, 1123.469621, 173.727273
-762.664625, 12695.312500, 7158.026824, 173.727273
-393.292164, 13183.593750, 997.098138, 173.727273
137.025615, 13671.875000, 7084.416662, 173.727273
543.756328, 14160.156250, 835.688551, 173.727273
752.809188, 14648.437500, 6973.038946, 173.727273
690.168452, 15136.718750, 649.201974, 173.727273
535.098990, 15625.000000, 6687.108387, 173.727273
337.499870, 16113.281250, 297.743547, 173.727273
-78.905159, 16601.562500, 5997.098992, 173.727273
-249.111248, 17089.843750, 3982.158442, 173.727273
-270.972747, 17578.125000, 9274.441373, 173.727273
-641.193449, 18066.406250, 1086.899679, 173.727273
-628.783029, 18554.687500, 12665.222716, 173.727273
-454.513964, 19042.968750, 5043.149397, 173.727273
-100.398788, 19531.250000, 15622.596844, 173.727273
335.703103, 20019.531250, 2676.338942, 173.727273
576.111335, 20507.812500, 16010.398168, 173.727273
588.315333, 20996.093750, 3717.420327, 173.727273
348.869001, 21484.375000, 24594.722684, 173.727273
-120.906311, 21972.656250, 6995.511031, 173.727273
-391.121540, 22460.937500, 24209.283216, 173.727273
-599.751270, 22949.218750, 17114.540310, 173.727273
-297.704725, 23437.500000, 1101.239821, 173.727273
-149.149712, 23925.781250, 20218.204658, 173.727273
139.584483, 24414.062500, 4629.902618, 173.727273
433.403989, 24902.343750, 53000.758823, 173.727273
438.472972, 25390.625000, 33002.117844, 173.727273
307.908221, 25878.906250, 29548.528953, 173.727273
433.075829, 26367.187500, 8633.504967, 173.727273
300.666744, 26855.468750, 29936.583997, 173.727273
227.847317, 27343.750000, 14914.907948, 173.727273
-72.251553, 27832.031250, 11239.009081, 173.727273
-310.984413, 28320.312500, 6375.246660, 173.727273
-576.769752, 28808.593750, 37336.382337, 173.727273
-771.228300, 29296.875000, 19294.471807, 173.727273
-835.472400, 29785.156250, 53799.571859, 173.727273
-643.238749, 30273.437500, 5189.090870, 173.727273
-337.373126, 30761.718750, 23573.171430, 173.727273
109.663051, 31250.000000, 75862.743003, 173.727273
536.506269, 31738.281250, 25264.294224, 173.727273
777.020629, 32226.562500, 37511.801451, 173.727273
706.542602, 32714.843750, 37759.759185, 173.727273
465.342907, 33203.125000, 18057.243005, 173.727273
109.294413, 33691.406250, 43241.556864, 173.727273
-146.586298, 34179.687500, 23736.123786, 173.727273
14.744847, 34667.968750, 31611.847295, 173.727273
310.139789, 35156.250000, 44810.615399, 173.727273
602.139687, 35644.531250, 38464.247847, 173.727273
633.378310, 36132.812500, 1904.095486, 173.727273
448.358918, 36621.093750, 27163.980796, 173.727273
-159.163410, 37109.375000, 9680.942375, 173.727273
-1031.667922, 37597.656250, 12863.989812, 173.727273
-1380.384193, 38085.937500, 2549.632734, 173.727273
-1427.279836, 38574.218750, 39617.958479, 173.727273
-1136.443895, 39062.500000, 156803.868512, 173.727273
-558.433390, 39550.781250, 80660.108558, 173.727273
259.758692, 40039.062500, 5842.689310, 173.727273
912.256524, 40527.343750, 57802.627740, 173.727273
1569.515090, 41015.625000, 17745.421104, 173.727273
1355.331638, 41503.906250, 26256.111550, 173.727273
885.415274, 41992.187500, 63524.709058, 173.727273
290.876777, 42480.468750, 515.792881, 173.727273
-884.489718, 42968.750000, 50650.209480, 173.727273
-1062.019471, 43457.031250, 16341.113114, 173.727273
-772.254138, 43945.312500, 33247.532661, 173.727273
-248.934003, 44433.593750, 46494.986972, 173.727273
330.116072, 44921.875000, 47841.350065, 173.727273
753.523628, 45410.156250, 25363.727409, 173.727273
869.944030, 45898.437500, 25702.557893, 173.727273
739.042574, 46386.718750, 34147.115470, 173.727273
112.486588, 46875.000000, 35710.677607, 173.727273
-514.405745, 47363.281250, 41849.519232, 173.727273
-942.327283, 47851.562500, 121390.112475, 173.727273
-1165.876310, 48339.843750, 79967.928984, 173.727273
-985.318560, 48828.125000, 36522.093493, 173.727273
-238.704457, 49316.406250, 53314.909130, 173.727273
199.774684, 49804.687500, 45619.785912, 173.727273
604.137502, 50292.968750, 179563.649311, 173.727273
698.962687, 50781.250000, 40479.148328, 173.727273
729.459186, 51269.531250, 9912.966616, 173.727273
559.536291, 51757.812500, 62240.997239, 173.727273
263.763827, 52246.093750, 69383.210148, 173.727273
-42.474034, 52734.375000, 128008.024250, 173.727273
-293.317130, 53222.656250, 34100.926971, 173.727273
-355.789376, 53710.937500, 93472.179979, 173.727273
-366.517667, 54199.218750, 101089.400881, 173.727273
-188.129536, 54687.500000, 66062.100872, 173.727273
62.518959, 55175.781250, 85636.128145, 173.727273
122.129124, 55664.062500, 37918.489081, 173.727273
-31.934753, 56152.343750, 78544.018164, 173.727273
-170.105741, 56640.625000, 10511.040149, 173.727273
-322.120333, 57128.906250, 2272.353040, 173.727273
-259.539518, 57617.187500, 26181.517165, 173.727273
-59.696265, 58105.468750, 92464.303316, 173.727273
457.933707, 58593.750000, 73531.844233, 173.727273
584.247983, 59082.031250, 63486.883988, 173.727273
557.206406, 59570.312500, 4901.330718, 173.727273
313.756251, 60058.593750, 52311.885644, 173.727273
-24.901535, 60546.875000, 82573.342112, 173.727273
-373.474528, 61035.156250, 23286.460355, 173.727273
-597.950565, 61523.437500, 73484.023790, 173.727273
-692.836658, 62011.718750, 12129.295685, 173.727273
-636.690186, 62500.000000, 2091.219577, 173.727273
-354.438662, 62988.281250, 5249.853651, 173.727273
-57.693202, 63476.562500, 9265.412725, 173.727273
312.702841, 63964.843750, 10435.673000, 173.727273
708.478143, 64453.125000, 15086.976639, 173.727273
1047.380750, 64941.406250, 7805.301353, 173.727273
1120.775412, 65429.687500, 7995.980156, 173.727273
881.146464, 65917.968750, 38246.819192, 173.727273
472.262670, 66406.250000, 16166.055192, 173.727273
9.687667, 66894.531250, 12791.005820, 173.727273
-653.807863, 67382.812500, 3808.874730, 173.727273
-1237.586950, 67871.093750, 17894.469798, 173.727273
-1574.603886, 68359.375000, 35064.866155, 173.727273
-1582.216545, 68847.656250, 31949.091425, 173.727273
-1192.405404, 69335.937500, 32115.289622, 173.727273
-577.230863, 69824.218750, 8025.658796, 173.727273
101.956431, 70312.500000, 19791.405956, 173.727273
910.008599, 70800.781250, 18806.581455, 173.727273
1511.283160, 71289.062500, 6691.257102, 173.727273
1638.788001, 71777.343750, 29937.850148, 173.727273
1467.161349, 72265.625000, 16643.603747, 173.727273
1206.592877, 72753.906250, 14723.499348, 173.727273
482.277786, 73242.187500, 13327.598549, 173.727273
-266.094741, 73730.468750, 20026.897601, 173.727273
-852.694245, 74218.750000, 24781.258216, 173.727273
-1239.958942, 74707.031250, 26876.467647, 173.727273
-1222.971721, 75195.312500, 4132.039834, 173.727273
-755.648778, 75683.593750, 7018.403761, 173.727273
39.002105, 76171.875000, 6112.575374, 173.727273
-1.233404, 76660.156250, 4239.041695, 173.727273
-53.640325, 77148.437500, 14330.912303, 173.727273
-102.084602, 77636.718750, 20096.492056, 173.727273
45.275164, 78125.000000, 15523.732713, 173.727273
559.597186, 78613.281250, 7454.248423, 173.727273
585.674694, 79101.562500, 15234.781138, 173.727273
281.570938, 79589.843750, 5650.266482, 173.727273
29.586433, 80078.125000, 5513.324969, 173.727273
-198.846498, 80566.406250, 11883.316668, 173.727273
-362.577538, 81054.687500, 4052.780363, 173.727273
-319.172064, 81542.968750, 8357.022009, 173.727273
-288.168387, 82031.250000, 5786.455033, 173.727273
-62.334247, 82519.531250, 4072.432114, 173.727273
114.998636, 83007.812500, 21929.105093, 173.727273
362.671430, 83496.093750, 17779.187966, 173.727273
517.215190, 83984.375000, 661.647196, 173.727273
733.589958, 84472.656250, 14322.787211, 173.727273
347.876602, 84960.937500, 2229.357361, 173.727273
-0.062049, 85449.218750, 6392.081617, 173.727273
-477.104745, 85937.500000, 7837.652900, 173.727273
-791.255176, 86425.781250, 34306.030125, 173.727273
-779.188837, 86914.062500, 25594.996456, 173.727273
-89.658637, 87402.343750, 9490.294370, 173.727273
247.523850, 87890.625000, 5262.883594, 173.727273
474.172151, 88378.906250, 3051.193790, 173.727273
448.001645, 88867.187500, 9368.232868, 173.727273
282.806976, 89355.468750, 12153.930799, 173.727273
58.457498, 89843.750000, 6628.567113, 173.727273
-278.509504, 90332.031250, 10619.823454, 173.727273
-295.137185, 90820.312500, 4014.356087, 173.727273
-270.626746, 91308.593750, 5890.406263, 173.727273
-175.605132, 91796.875000, 1797.010802, 173.727273
-36.522338, 92285.156250, 2908.754148, 173.727273
105.446017, 92773.437500, 19156.040769, 173.727273
1.493654, 93261.718750, 15921.110845, 173.727273
-362.784716, 93750.000000, 1467.438207, 173.727273
-290.199944, 94238.281250, 6341.925101, 173.727273
-38.910962, 94726.562500, 10718.359101, 173.727273
266.241261, 95214.843750, 8195.337483, 173.727273
620.073162, 95703.125000, 4823.164012, 173.727273
755.561051, 96191.406250, 9248.599844, 173.727273
535.996177, 96679.687500, 18782.804426, 173.727273
59.226364, 97167.968750, 16287.122057, 173.727273
-368.709105, 97656.250000, 4329.840065, 173.727273
-536.698784, 98144.531250, 5524.849350, 173.727273
-620.936288, 98632.812500, 275.802743, 173.727273
-289.366854, 99121.093750, 4968.828615, 173.727273
426.109224, 99609.375000, 497.820404, 173.727273
206.475620, 100097.656250, 5605.993247, 173.727273
132.629810, 100585.937500, 3961.415676, 173.727273
18.855794, 101074.218750, 15757.877740, 173.727273
-67.266006, 101562.500000, 20630.906651, 173.727273
-76.041976, 102050.781250, 11542.611488, 173.727273
-63.596207, 102539.062500, 7443.715876, 173.727273
9.133037, 103027.343750, 3087.275526, 173.727273
28.137402, 103515.625000, 7570.878762, 173.727273
29.866712, 104003.906250, 5662.553465, 173.727273
-103.659697, 104492.187500, 1578.061909, 173.727273
-409.326331, 104980.468750, 6723.307062, 173.727273
-450.866461, 105468.750000, 714.051582, 173.727273
-308.231882, 105957.031250, 2552.416879, 173.727273
-162.886995, 106445.312500, 11346.757743, 173.727273
124.340672, 106933.593750, 12202.231858, 173.727273
349.571907, 107421.875000, 5030.370213, 173.727273
732.780011, 107910.156250, 10332.029802, 173.727273
788.572545, 108398.437500, 2733.332695, 173.727273
801.463078, 108886.718750, 4739.019169, 173.727273
618.462686, 109375.000000, 5266.272359, 173.727273
219.392494, 109863.281250, 8086.477736, 173.727273
-370.417674, 110351.562500, 13804.481674, 173.727273
-835.630934, 110839.843750, 12388.845847, 173.727273
-1173.286904, 111328.125000, 12880.729230, 173.727273
-1053.524244, 111816.406250, 7242.654329, 173.727273
-596.336967, 112304.687500, 13615.541965, 173.727273
77.311033, 112792.968750, 12879.407919, 173.727273
470.497318, 113281.250000, 8825.887936, 173.727273
722.753138, 113769.531250, 10912.111225, 173.727273
696.140463, 114257.812500, 14420.251889, 173.727273
430.198416, 114746.093750, 493.671364, 173.727273
124.844954, 115234.375000, 6945.260822, 173.727273
-321.950635, 115722.656250, 11135.882777, 173.727273
-491.203041, 116210.937500, 9998.100021, 173.727273
-407.568972, 116699.218750, 11556.414219, 173.727273
-298.696174, 117187.500000, 8593.080646, 173.727273
-133.170338, 117675.781250, 13156.680710, 173.727273
27.759535, 118164.062500, 8756.087931, 173.727273
144.256891, 118652.343750, 5746.983766, 173.727273
314.066001, 119140.625000, 432.375687, 173.727273
450.838479, 119628.906250, 4288.927608, 173.727273
368.791399, 120117.187500, 2086.202124, 173.727273
337.981629, 120605.468750, 1459.742311, 173.727273
173.699678, 121093.750000, 3753.896635, 173.727273
89.380274, 121582.031250, 4692.461097, 173.727273
65.865234, 122070.312500, 12706.087775, 173.727273
102.814573, 122558.593750, 11948.537900, 173.727273
-55.125390, 123046.875000, 12512.179263, 173.727273
-225.644757, 123535.156250, 2618.704651, 173.727273
-339.577783, 124023.437500, 7516.995569, 173.727273
-816.529637, 124511.718750, 1862.059224, 173.727273
-987.620815, 125000.000000, 1002.362701, 173.727273
-806.925746, 125488.281250, 6901.189071, 173.727273
-345.154457, 125976.562500, 3468.537989, 173.727273
154.278928, 126464.843750, 8097.571527, 173.727273
596.632109, 126953.125000, 2664.650947, 173.727273
1025.297489, 127441.406250, 9468.866757, 173.727273
1088.064045, 127929.687500, 13578.152656, 173.727273
989.104665, 128417.968750, 8219.227157, 173.727273
403.535323, 128906.250000, 11464.128773, 173.727273
-219.968960, 129394.531250, 11966.327047, 173.727273
-778.236222, 129882.812500, 4734.560842, 173.727273
-1097.648292, 130371.093750, 5600.957201, 173.727273
-1046.418313, 130859.375000, 4812.520251, 173.727273
-515.146725, 131347.656250, 4648.303787, 173.727273
1108.277181, 131835.937500, 310.734573, 173.727273
1156.802640, 132324.218750, 425.109140, 173.727273
1002.877980, 132812.500000, 7812.368859, 173.727273
547.003484, 133300.781250, 3445.847819, 173.727273
-299.602817, 133789.062500, 9511.477202, 173.727273
-928.943220, 134277.343750, 12053.604580, 173.727273
-1045.060561, 134765.625000, 9087.635398, 173.727273
-851.398557, 135253.906250, 1134.437784, 173.727273
-459.936281, 135742.187500, 3261.825749, 173.727273
-46.098925, 136230.468750, 6476.183948, 173.727273
554.415758, 136718.750000, 1460.167763, 173.727273
571.216475, 137207.031250, 6868.040411, 173.727273
475.860418, 137695.312500, 11658.020266, 173.727273
381.139327, 138183.593750, 9535.250050, 173.727273
128.588035, 138671.875000, 6355.590575, 173.727273
73.682903, 139160.156250, 1372.851475, 173.727273
-90.956821, 139648.437500, 6001.794118, 173.727273
-190.833314, 140136.718750, 37.588751, 173.727273
-294.533443, 140625.000000, 1709.034283, 173.727273
-448.354719, 141113.281250, 446.350180, 173.727273
-496.973183, 141601.562500, 66.251136, 173.727273
-267.196583, 142089.843750, 370.616318, 173.727273
301.919500, 142578.125000, 1795.092959, 173.727273
689.352830, 143066.406250, 11928.315436, 173.727273
1086.798449, 143554.687500, 14172.827335, 173.727273
861.070274, 144042.968750, 7142.881803, 173.727273
6.091265, 144531.250000, 7053.833605, 173.727273
-839.294791, 145019.531250, 13700.689378, 173.727273
-1196.336474, 145507.812500, 7314.215071, 173.727273
-989.001177, 145996.093750, 7430.917958, 173.727273
91.479979, 146484.375000, 6079.439288, 173.727273
810.161073, 146972.656250, 2738.233511, 173.727273
1247.152208, 147460.937500, 774.394610, 173.727273
773.165431, 147949.218750, 3741.128568, 173.727273
-371.993356, 148437.500000, 3516.115008, 173.727273
-772.323608, 148925.781250, 8946.696127, 173.727273
-1204.998259, 149414.062500, 5913.111541, 173.727273
-1002.511155, 149902.343750, 8785.426195, 173.727273
-517.562665, 150390.625000, 10137.365732, 173.727273
109.988947, 150878.906250, 6033.041460, 173.727273
623.866703, 151367.187500, 709.361585, 173.727273
964.371936, 151855.468750, 1135.879926, 173.727273
1102.388368, 152343.750000, 833.022838, 173.727273
919.564870, 152832.031250, 1175.242292, 173.727273
580.909560, 153320.312500, 9309.341813, 173.727273
-81.198983, 153808.593750, 5213.556273, 173.727273
-504.547560, 154296.875000, 1223.218946, 173.727273
-825.389069, 154785.156250, 1358.288370, 173.727273
-887.778097, 155273.437500, 671.211347, 173.727273
-650.916522, 155761.718750, 1152.145088, 173.727273
-213.185104, 156250.000000, 1228.612912, 173.727273
145.783139, 156738.281250, 12097.952616, 173.727273
561.304083, 157226.562500, 14698.796295, 173.727273
514.584531, 157714.843750, 16145.648917, 173.727273
-275.600972, 158203.125000, 19589.905135, 173.727273
-334.797110, 158691.406250, 21623.083543, 173.727273
-218.776312, 159179.687500, 14694.018448, 173.727273
164.605281, 159667.968750, 8909.182274, 173.727273
633.219061, 160156.250000, 4726.680001, 173.727273
656.068066, 160644.531250, 9132.521637, 173.727273
73.580675, 161132.812500, 3943.264424, 173.727273
-281.395525, 161621.093750, 2711.421290, 173.727273
-502.253546, 162109.375000, 4887.162820, 173.727273
-519.880514, 162597.656250, 9153.068545, 173.727273
-139.851998, 163085.937500, 2803.246839, 173.727273
436.266760, 163574.218750, 2367.225566, 173.727273
406.715651, 164062.500000, 16953.129986, 173.727273
391.980444, 164550.781250, 17491.002207, 173.727273
92.190048, 165039.062500, 16435.948611, 173.727273
-74.208382, 165527.343750, 11246.710695, 173.727273
-715.041274, 166015.625000, 13409.702707, 173.727273
-712.030401, 166503.906250, 6670.021127, 173.727273
-458.011410, 166992.187500, 8997.256822, 173.727273
292.797879, 167480.468750, 14208.613415, 173.727273
937.484600, 167968.750000, 6254.938429, 173.727273
594.851298, 168457.031250, 5176.772019, 173.727273
214.155819, 168945.312500, 3213.484081, 173.727273
-267.176122, 169433.593750, 7185.841327, 173.727273
-686.151539, 169921.875000, 4053.718431, 173.727273
-424.410376, 170410.156250, 6482.411284, 173.727273
-160.859337, 170898.437500, 4438.570495, 173.727273
135.973394, 171386.718750, 8074.918040, 173.727273
575.847335, 171875.000000, 4093.453435, 173.727273
701.221505, 172363.281250, 3369.694886, 173.727273
553.139038, 172851.562500, 2168.427258, 173.727273
-231.203274, 173339.843750, 2744.745865, 173.727273
-678.105109, 173828.125000, 4471.011068, 173.727273
-804.865624, 174316.406250, 2441.529980, 173.727273
-364.705272, 174804.687500, 8502.007635, 173.727273
67.154181, 175292.968750, 4725.979429, 173.727273
318.805152, 175781.250000, 11501.010067, 173.727273
446.319622, 176269.531250, 2184.404938, 173.727273
433.448858, 176757.812500, 1828.658915, 173.727273
37.826881, 177246.093750, 4922.710666, 173.727273
-50.788475, 177734.375000, 527.142304, 173.727273
-382.324259, 178222.656250, 3704.686826, 173.727273
-511.328457, 178710.937500, 1733.055405, 173.727273
-598.744153, 179199.218750, 1337.227135, 173.727273
208.924743, 179687.500000, 54.722539, 173.727273
647.750394, 180175.781250, 2435.243732, 173.727273
873.244043, 180664.062500, 1436.540549, 173.727273
676.689561, 181152.343750, 10172.173314, 173.727273
155.052733, 181640.625000, 4685.582511, 173.727273
-787.141787, 182128.906250, 5170.107766, 173.727273
-861.715069, 182617.187500, 2900.388996, 173.727273
-886.500098, 183105.468750, 250.541787, 173.727273
-333.087892, 183593.750000, 788.678434, 173.727273
845.827723, 184082.031250, 4697.410777, 173.727273
842.172564, 184570.312500, 5791.818336, 173.727273
668.079138, 185058.593750, 8699.908610, 173.727273
297.699556, 185546.875000, 4202.317750, 173.727273
-635.696160, 186035.156250, 4636.049489, 173.727273
-811.323338, 186523.437500, 1713.759514, 173.727273
-725.219241, 187011.718750, 1066.718609, 173.727273
-483.651002, 187500.000000, 194.089766, 173.727273
-126.929321, 187988.281250, 5529.861697, 173.727273
717.880501, 188476.562500, 1849.132319, 173.727273
825.464216, 188964.843750, 2518.693441, 173.727273
683.475379, 189453.125000, 528.683666, 173.727273
335.965264, 189941.406250, 1953.715677, 173.727273
-518.961632, 190429.687500, 1003.805869, 173.727273
-687.998818, 190917.968750, 2312.381969, 173.727273
309.057821, 191406.250000, 1671.976732, 173.727273
444.116626, 191894.531250, 4110.534487, 173.727273
93.807526, 192382.812500, 894.805556, 173.727273
14.166363, 192871.093750, 1277.272339, 173.727273
-142.458036, 193359.375000, 6093.991737, 173.727273
-111.372487, 193847.656250, 5647.152384, 173.727273
-572.621986, 194335.937500, 9707.175512, 173.727273
-644.784870, 194824.218750, 7943.726205, 173.727273
-593.394939, 195312.500000, 3725.245087, 173.727273
-85.576302, 195800.781250, 1507.272345, 173.727273
704.165588, 196289.062500, 1511.754657, 173.727273
1050.341562, 196777.343750, 8202.182767, 173.727273
571.421761, 197265.625000, 6915.060565, 173.727273
85.629739, 197753.906250, 2606.073532, 173.727273
-657.462496, 198242.187500, 1272.350123, 173.727273
-1018.905678, 198730.468750, 4141.529394, 173.727273
-184.303977, 199218.750000, 292.113014, 173.727273
310.847600, 199707.031250, 1005.978783, 173.727273
793.035586, 200195.312500, 2017.140536, 173.727273
965.509586, 200683.593750, 570.966016, 173.727273
-240.300923, 201171.875000, 4462.859599, 173.727273
-544.649883, 201660.156250, 5420.294092, 173.727273
-495.740649, 202148.437500, 785.370579, 173.727273
-352.541166, 202636.718750, 2838.065618, 173.727273
-102.821907, 203125.000000, 6023.283060, 173.727273
158.528351, 203613.281250, 9687.839212, 173.727273
174.974416, 204101.562500, 9826.647968, 173.727273
198.822170, 204589.843750, 6770.070507, 173.727273
289.273837, 205078.125000, 8658.466317, 173.727273
518.576053, 205566.406250, 9507.971531, 173.727273
125.082398, 206054.687500, 9802.112196, 173.727273
-243.671590, 206542.968750, 5104.391638, 173.727273
-719.885706, 207031.250000, 4328.015964, 173.727273
-695.959470, 207519.531250, 3323.079745, 173.727273
-346.154083, 208007.812500, 767.105133, 173.727273
212.187152, 208496.093750, 3135.584206, 173.727273
421.822069, 208984.375000, 851.570936, 173.727273
642.113468, 209472.656250, 3485.488691, 173.727273
687.733745, 209960.937500, 5722.993351, 173.727273
139.596911, 210449.218750, 1635.330075, 173.727273
-260.127683, 210937.500000, 1859.874632, 173.727273
-626.156871, 211425.781250, 2899.651594, 173.727273
-1107.650520, 211914.062500, 516.549778, 173.727273
-746.819003, 212402.343750, 588.345874, 173.727273
532.352783, 212890.625000, 40.028711, 173.727273
1054.452105, 213378.906250, 2848.577862, 173.727273
1167.934118, 213867.187500, 3140.059963, 173.727273
944.900170, 214355.468750, 1495.491197, 173.727273
139.139265, 214843.750000, 524.374360, 173.727273
-918.726000, 215332.031250, 3080.503814, 173.727273
-1150.702521, 215820.312500, 7874.177211, 173.727273
-1030.802198, 216308.593750, 1463.852252, 173.727273
-594.860676, 216796.875000, 1830.530111, 173.727273
141.027857, 217285.156250, 169.185955, 173.727273
481.471587, 217773.437500, 2493.625159, 173.727273
336.759507, 218261.718750, 5778.531558, 173.727273
293.557489, 218750.000000, 1672.814513, 173.727273
316.452326, 219238.281250, 1167.491779, 173.727273
282.591454, 219726.562500, 4895.789662, 173.727273
255.719646, 220214.843750, 6488.322017, 173.727273
90.380176, 220703.125000, 3677.501758, 173.727273
-152.758875, 221191.406250, 3392.407158, 173.727273
-341.782659, 221679.687500, 3684.677415, 173.727273
162.225885, 222167.968750, 436.504786, 173.727273
636.572657, 222656.250000, 2525.758543, 173.727273
925.663887, 223144.531250, 4816.372852, 173.727273
-294.378689, 223632.812500, 6929.442256, 173.727273
-883.555555, 224121.093750, 4913.066045, 173.727273
-1369.110522, 224609.375000, 195.212967, 173.727273
-1254.094344, 225097.656250, 688.796626, 173.727273
1343.283135, 225585.937500, 223.345814, 173.727273
699.295724, 226074.218750, 1096.786629, 173.727273
-1433.563042, 226562.500000, 425.600304, 173.727273
-54.780874, 227050.781250, 2812.551132, 173.727273
859.065057, 227539.062500, 2852.501973, 173.727273
-250.374916, 228027.343750, 3576.230424, 173.727273
-575.987875, 228515.625000, 35.752681, 173.727273
99.695348, 229003.906250, 2688.519737, 173.727273
723.290505, 229492.187500, 187.468458, 173.727273
1275.481832, 229980.468750, 33.469582, 173.727273
1499.576731, 230468.750000, 2626.109753, 173.727273
901.296760, 230957.031250, 4297.588141, 173.727273
467.613072, 231445.312500, 2199.958679, 173.727273
-147.156260, 231933.593750, 5788.329710, 173.727273
-2159.919948, 232421.875000, 9346.001678, 173.727273
-2111.734392, 232910.156250, 8958.001955, 173.727273
-1979.573958, 233398.437500, 7015.558583, 173.727273
-1090.331602, 233886.718750, 7519.910032, 173.727273
142.138453, 234375.000000, 10015.995917, 173.727273
1896.263434, 234863.281250, 7135.518481, 173.727273
1916.177422, 235351.562500, 10196.671316, 173.727273
1930.487978, 235839.843750, 6581.221064, 173.727273
1417.959841, 236328.125000, 9264.471327, 173.727273
-998.658427, 236816.406250, 7407.724378, 173.727273
-1908.879995, 237304.687500, 3601.851243, 173.727273
-1907.017674, 237792.968750, 9482.966260, 173.727273
-1576.366472, 238281.250000, 10006.297383, 173.727273
-470.700320, 238769.531250, 7617.513833, 173.727273
1620.340043, 239257.812500, 9005.250179, 173.727273
2015.007369, 239746.093750, 6325.415632, 173.727273
2009.482857, 240234.375000, 5566.367258, 173.727273
1739.872889, 240722.656250, 8467.751148, 173.727273
416.720076, 241210.937500, 8467.883779, 173.727273
-1930.521882, 241699.218750, 5697.984824, 173.727273
-1959.518369, 242187.500000, 2938.515426, 173.727273
-1950.353427, 242675.781250, 3680.683877, 173.727273
-1585.487022, 243164.062500, 452.306209, 173.727273
-466.226824, 243652.343750, 10.264168, 173.727273
720.525279, 244140.625000, 9130.306450, 173.727273
1944.768771, 244628.906250, 7572.031173, 173.727273
1965.299693, 245117.187500, 8829.835687, 173.727273
1755.630325, 245605.468750, 2106.299494, 173.727273
138.809115, 246093.750000, 2507.738270, 173.727273
-1065.860911, 246582.031250, 2740.267357, 173.727273
-1826.147443, 247070.312500, 5824.186156, 173.727273
-1825.299636, 247558.593750, 4514.446011, 173.727273
-1820.522272, 248046.875000, 5193.900617, 173.727273
497.557256, 248535.156250, 8282.366946, 173.727273
-66.658145, 249023.437500, 6412.847410, 173.727273
2059.117084, 249511.718750, 6579.050740, 173.727273
-66.658145, 250000.000000, 0.000000, 173.727273
497.557256, 250488.281250, 0.000000, 173.727273
-1820.522272, 250976.562500, 0.000000, 173.727273
-1825.299636, 251464.843750, 0.000000, 173.727273
-1826.147443, 251953.125000, 0.000000, 173.727273
-1065.860911, 252441.406250, 0.000000, 173.727273
138.809115, 252929.687500, 0.000000, 173.727273
1755.630325, 253417.968750, 0.000000, 173.727273
1965.299693, 253906.250000, 0.000000, 173.727273
1944.768771, 254394.531250, 0.000000, 173.727273
720.525279, 254882.812500, 0.000000, 173.727273
-466.226824, 255371.093750, 0.000000, 173.727273
-1585.487022, 255859.375000, 0.000000, 173.727273
-1950.353427, 256347.656250, 0.000000, 173.727273
-1959.518369, 256835.937500, 0.000000, 173.727273
-1930.521882, 257324.218750, 0.000000, 173.727273
416.720076, 257812.500000, 0.000000, 173.727273
1739.872889, 258300.781250, 0.000000, 173.727273
2009.482857, 258789.062500, 0.000000, 173.727273
2015.007369, 259277.343750, 0.000000, 173.727273
1620.340043, 259765.625000, 0.000000, 173.727273
-470.700320, 260253.906250, 0.000000, 173.727273
-1576.366472, 260742.187500, 0.000000, 173.727273
-1907.017674, 261230.468750, 0.000000, 173.727273
-1908.879995, 261718.750000, 0.000000, 173.727273
-998.658427, 262207.031250, 0.000000, 173.727273
1417.959841, 262695.312500, 0.000000, 173.727273
1930.487978, 263183.593750, 0.000000, 173.727273
1916.177422, 263671.875000, 0.000000, 173.727273
1896.263434, 264160.156250, 0.000000, 173.727273
142.138453, 264648.437500, 0.000000, 173.727273
-1090.331602, 265136.718750, 0.000000, 173.727273
-1979.573958, 265625.000000, 0.000000, 173.727273
-2111.734392, 266113.281250, 0.000000, 173.727273
-2159.919948, 266601.562500, 0.000000, 173.727273
-147.156260, 267089.843750, 0.000000, 173.727273
467.613072, 267578.125000, 0.000000, 173.727273
901.296760, 268066.406250, 0.000000, 173.727273
1499.576731, 268554.687500, 0.000000, 173.727273
1275.481832, 269042.968750, 0.000000, 173.727273
723.290505, 269531.250000, 0.000000, 173.727273
99.695348, 270019.531250, 0.000000, 173.727273
-575.987875, 270507.812500, 0.000000, 173.727273
-250.374916, 270996.093750, 0.000000, 173.727273
859.065057, 271484.375000, 0.000000, 173.727273
-54.780874, 271972.656250, 0.000000, 173.727273
-1433.563042, 272460.937500, 0.000000, 173.727273
699.295724, 272949.218750, 0.000000, 173.727273
1343.283135, 273437.500000, 0.000000, 173.727273
-1254.094344, 273925.781250, 0.000000, 173.727273
-1369.110522, 274414.062500, 0.000000, 173.727273
-883.555555, 274902.343750, 0.000000, 173.727273
-294.378689, 275390.625000, 0.000000, 173.727273
925.663887, 275878.906250, 0.000000, 173.727273
636.572657, 276367.187500, 0.000000, 173.727273
162.225885, 276855.468750, 0.000000, 173.727273
-341.782659, 277343.750000, 0.000000, 173.727273
-152.758875, 277832.031250, 0.000000, 173.727273
90.380176, 278320.312500, 0.000000, 173.727273
255.719646, 278808.593750, 0.000000, 173.727273
282.591454, 279296.875000, 0.000000, 173.727273
316.452326, 279785.156250, 0.000000, 173.727273
293.557489, 280273.437500, 0.000000, 173.727273
336.759507, 280761.718750, 0.000000, 173.727273
481.471587, 281250.000000, 0.000000, 173.727273
141.027857, 281738.281250, 0.000000, 173.727273
-594.860676, 282226.562500, 0.000000, 173.727273
-1030.802198, 282714.843750, 0.000000, 173.727273
-1150.702521, 283203.125000, 0.000000, 173.727273
-918.726000, 283691.406250, 0.000000, 173.727273
139.139265, 284179.687500, 0.000000, 173.727273
944.900170, 284667.968750, 0.000000, 173.727273
1167.934118, 285156.250000, 0.000000, 173.727273
1054.452105, 285644.531250, 0.000000, 173.727273
532.352783, 286132.812500, 0.000000, 173.727273
-746.819003, 286621.093750, 0.000000, 173.727273
-1107.650520, 287109.375000, 0.000000, 173.727273
-626.156871, 287597.656250, 0.000000, 173.727273
-260.127683, 288085.937500, 0.000000, 173.727273
139.596911, 288574.218750, 0.000000, 173.727273
687.733745, 289062.500000, 0.000000, 173.727273
642.113468, 289550.781250, 0.000000, 173.727273
421.822069, 290039.062500, 0.000000, 173.727273
212.187152, 290527.343750, 0.000000, 173.727273
-346.154083, 291015.625000, 0.000000, 173.727273
-695.959470, 291503.906250, 0.000000, 173.727273
-719.885706, 291992.187500, 0.000000, 173.727273
-243.671590, 292480.468750, 0.000000, 173.727273
125.082398, 292968.750000, 0.000000, 173.727273
518.576053, 293457.031250, 0.000000, 173.727273
289.273837, 293945.312500, 0.000000, 173.727273
198.822170, 294433.593750, 0.000000, 173.727273
174.974416, 294921.875000, 0.000000, 173.727273
158.528351, 295410.156250, 0.000000, 173.727273
-102.821907, 295898.437500, 0.000000, 173.727273
-352.541166, 296386.718750, 0.000000, 173.727273
-495.740649, 296875.000000, 0.000000, 173.727273
-544.649883, 297363.281250, 0.000000, 173.727273
-240.300923, 297851.562500, 0.000000, 173.727273
965.509586, 298339.843750, 0.000000, 173.727273
793.035586, 298828.125000, 0.000000, 173.727273
310.847600, 299316.406250, 0.000000, 173.727273
-184.303977, 299804.687500, 0.000000, 173.727273
-1018.905678, 300292.968750, 0.000000, 173.727273
-657.462496, 300781.250000, 0.000000, 173.727273
85.629739, 301269.531250, 0.000000, 173.727273
571.421761, 301757.812500, 0.000000, 173.727273
1050.341562, 302246.093750, 0.000000, 173.727273
704.165588, 302734.375000, 0.000000, 173.727273
-85.576302, 303222.656250, 0.000000, 173.727273
-593.394939, 303710.937500, 0.000000, 173.727273
-644.784870, 304199.218750, 0.000000, 173.727273
-572.621986, 304687.500000, 0.000000, 173.727273
-111.372487, 305175.781250, 0.000000, 173.727273
-142.458036, 305664.062500, 0.000000, 173.727273
14.166363, 306152.343750, 0.000000, 173.727273
93.807526, 306640.625000, 0.000000, 173.727273
444.116626, 307128.906250, 0.000000, 173.727273
309.057821, 307617.187500, 0.000000, 173.727273
-687.998818, 308105.468750, 0.000000, 173.727273
-518.961632, 308593.750000, 0.000000, 173.727273
335.965264, 309082.031250, 0.000000, 173.727273
683.475379, 309570.312500, 0.000000, 173.727273
825.464216, 310058.593750, 0.000000, 173.727273
717.880501, 310546.875000, 0.000000, 173.727273
-126.929321, 311035.156250, 0.000000, 173.727273
-483.651002, 311523.437500, 0.000000, 173.727273
-725.219241, 312011.718750, 0.000000, 173.727273
-811.323338, 312500.000000, 0.000000, 173.727273
-635.696160, 312988.281250, 0.000000, 173.727273
297.699556, 313476.562500, 0.000000, 173.727273
668.079138, 313964.843750, 0.000000, 173.727273
842.172564, 314453.125000, 0.000000, 173.727273
845.827723, 314941.406250, 0.000000, 173.727273
-333.087892, 315429.687500, 0.000000, 173.727273
-886.500098, 315917.968750, 0.000000, 173.727273
-861.715069, 316406.250000, 0.000000, 173.727273
-787.141787, 316894.531250, 0.000000, 173.727273
155.052733, 317382.812500, 0.000000, 173.727273
676.689561, 317871.093750, 0.000000, 173.727273
873.244043, 318359.375000, 0.000000, 173.727273
647.750394, 318847.656250, 0.000000, 173.727273
208.924743, 319335.937500, 0.000000, 173.727273
-598.744153, 319824.218750, 0.000000, 173.727273
-511.328457, 320312.500000, 0.000000, 173.727273
-382.324259, 320800.781250, 0.000000, 173.727273
-50.788475, 321289.062500, 0.000000, 173.727273
37.826881, 321777.343750, 0.000000, 173.727273
433.448858, 322265.625000, 0.000000, 173.727273
446.319622, 322753.906250, 0.000000, 173.727273
318.805152, 323242.187500, 0.000000, 173.727273
67.154181, 323730.468750, 0.000000, 173.727273
-364.705272, 324218.750000, 0.000000, 173.727273
-804.865624, 324707.031250, 0.000000, 173.727273
-678.105109, 325195.312500, 0.000000, 173.727273
-231.203274, 325683.593750, 0.000000, 173.727273
553.139038, 326171.875000, 0.000000, 173.727273
701.221505, 326660.156250, 0.000000, 173.727273
575.847335, 327148.437500, 0.000000, 173.727273
135.973394, 327636.718750, 0.000000, 173.727273
-160.859337, 328125.000000, 0.000000, 173.727273
-424.410376, 328613.281250, 0.000000, 173.727273
-686.151539, 329101.562500, 0.000000, 173.727273
-267.176122, 329589.843750, 0.000000, 173.727273
214.155819, 330078.125000, 0.000000, 173.727273
594.851298, 330566.406250, 0.000000, 173.727273
937.484600, 331054.687500, 0.000000, 173.727273
292.797879, 331542.968750, 0.000000, 173.727273
-458.011410, 332031.250000, 0.000000, 173.727273
-712.030401, 332519.531250, 0.000000, 173.727273
-715.041274, 333007.812500, 0.000000, 173.727273
-74.208382, 333496.093750, 0.000000, 173.727273
92.190048, 333984.375000, 0.000000, 173.727273
391.980444, 334472.656250, 0.000000, 173.727273
406.715651, 334960.937500, 0.000000, 173.727273
436.266760, 335449.218750, 0.000000, 173.727273
-139.851998, 335937.500000, 0.000000, 173.727273
-519.880514, 336425.781250, 0.000000, 173.727273
-502.253546, 336914.062500, 0.000000, 173.727273
-281.395525, 337402.343750, 0.000000, 173.727273
73.580675, 337890.625000, 0.000000, 173.727273
656.068066, 338378.906250, 0.000000, 173.727273
633.219061, 338867.187500, 0.000000, 173.727273
164.605281, 339355.468750, 0.000000, 173.727273
-218.776312, 339843.750000, 0.000000, 173.727273
-334.797110, 340332.031250, 0.000000, 173.727273
-275.600972, 340820.312500, 0.000000, 173.727273
514.584531, 341308.593750, 0.000000, 173.727273
561.304083, 341796.875000, 0.000000, 173.727273
145.783139, 342285.156250, 0.000000, 173.727273
-213.185104, 342773.437500, 0.000000, 173.727273
-650.916522, 343261.718750, 0.000000, 173.727273
-887.778097, 343750.000000, 0.000000, 173.727273
-825.389069, 344238.281250, 0.000000, 173.727273
-504.547560, 344726.562500, 0.000000, 173.727273
-81.198983, 345214.843750, 0.000000, 173.727273
580.909560, 345703.125000, 0.000000, 173.727273
919.564870, 346191.406250, 0.000000, 173.727273
1102.388368, 346679.687500, 0.000000, 173.727273
964.371936, 347167.968750, 0.000000, 173.727273
623.866703, 347656.250000, 0.000000, 173.727273
109.988947, 348144.531250, 0.000000, 173.727273
-517.562665, 348632.812500, 0.000000, 173.727273
-1002.511155, 349121.093750, 0.000000, 173.727273
-1204.998259, 349609.375000, 0.000000, 173.727273
-772.323608, 350097.656250, 0.000000, 173.727273
-371.993356, 350585.937500, 0.000000, 173.727273
773.165431, 351074.218750, 0.000000, 173.727273
1247.152208, 351562.500000, 0.000000, 173.727273
810.161073, 352050.781250, 0.000000, 173.727273
91.479979, 352539.062500, 0.000000, 173.727273
-989.001177, 353027.343750, 0.000000, 173.727273
-1196.336474, 353515.625000, 0.000000, 173.727273
-839.294791, 354003.906250, 0.000000, 173.727273
6.091265, 354492.187500, 0.000000, 173.727273
861.070274, 354980.468750, 0.000000, 173.727273
1086.798449, 355468.750000, 0.000000, 173.727273
689.352830, 355957.031250, 0.000000, 173.727273
301.919500, 356445.312500, 0.000000, 173.727273
-267.196583, 356933.593750, 0.000000, 173.727273
-496.973183, 357421.875000, 0.000000, 173.727273
-448.354719, 357910.156250, 0.000000, 173.727273
-294.533443, 358398.437500, 0.000000, 173.727273
-190.833314, 358886.718750, 0.000000, 173.727273
-90.956821, 359375.000000, 0.000000, 173.727273
73.682903, 359863.281250, 0.000000, 173.727273
128.588035, 360351.562500, 0.000000, 173.727273
381.139327, 360839.843750, 0.000000, 173.727273
475.860418, 361328.125000, 0.000000, 173.727273
571.216475, 361816.406250, 0.000000, 173.727273
554.415758, 362304.687500, 0.000000, 173.727273
-46.098925, 362792.968750, 0.000000, 173.727273
-459.936281, 363281.250000, 0.000000, 173.727273
-851.398557, 363769.531250, 0.000000, 173.727273
-1045.060561, 364257.812500, 0.000000, 173.727273
-928.943220, 364746.093750, 0.000000, 173.727273
-299.602817, 365234.375000, 0.000000, 173.727273
547.003484, 365722.656250, 0.000000, 173.727273
1002.877980, 366210.937500, 0.000000, 173.727273
1156.802640, 366699.218750, 0.000000, 173.727273
1108.277181, 367187.500000, 0.000000, 173.727273
-515.146725, 367675.781250, 0.000000, 173.727273
-1046.418313, 368164.062500, 0.000000, 173.727273
-1097.648292, 368652.343750, 0.000000, 173.727273
-778.236222, 369140.625000, 0.000000, 173.727273
-219.968960, 369628.906250, 0.000000, 173.727273
403.535323, 370117.187500, 0.000000, 173.727273
989.104665, 370605.468750, 0.000000, 173.727273
1088.064045, 371093.750000, 0.000000, 173.727273
1025.297489, 371582.031250, 0.000000, 173.727273
596.632109, 372070.312500, 0.000000, 173.727273
154.278928, 372558.593750, 0.000000, 173.727273
-345.154457, 373046.875000, 0.000000, 173.727273
-806.925746, 373535.156250, 0.000000, 173.727273
-987.620815, 374023.437500, 0.000000, 173.727273
-816.529637, 374511.718750, 0.000000, 173.727273
-339.577783, 375000.000000, 0.000000, 173.727273
-225.644757, 375488.281250, 0.000000, 173.727273
-55.125390, 375976.562500, 0.000000, 173.727273
102.814573, 376464.843750, 0.000000, 173.727273
65.865234, 376953.125000, 0.000000, 173.727273
89.380274, 377441.406250, 0.000000, 173.727273
173.699678, 377929.687500, 0.000000, 173.727273
337.981629, 378417.968750, 0.000000, 173.727273
368.791399, 378906.250000, 0.000000, 173.727273
450.838479, 379394.531250, 0.000000, 173.727273
314.066001, 379882.812500, 0.000000, 173.727273
144.256891, 380371.093750, 0.000000, 173.727273
27.759535, 380859.375000, 0.000000, 173.727273
-133.170338, 381347.656250, 0.000000, 173.727273
-298.696174, 381835.937500, 0.000000, 173.727273
-407.568972, 382324.218750, 0.000000, 173.727273
-491.203041, 382812.500000, 0.000000, 173.727273
-321.950635, 383300.781250, 0.000000, 173.727273
124.844954, 383789.062500, 0.000000, 173.727273
430.198416, 384277.343750, 0.000000, 173.727273
696.140463, 384765.625000, 0.000000, 173.727273
722.753138, 385253.906250, 0.000000, 173.727273
470.497318, 385742.187500, 0.000000, 173.727273
77.311033, 386230.468750, 0.000000, 173.727273
-596.336967, 386718.750000, 0.000000, 173.727273
-1053.524244, 387207.031250, 0.000000, 173.727273
-1173.286904, 387695.312500, 0.000000, 173.727273
-835.630934, 388183.593750, 0.000000, 173.727273
-370.417674, 388671.875000, 0.000000, 173.727273
219.392494, 389160.156250, 0.000000, 173.727273
618.462686, 389648.437500, 0.000000, 173.727273
801.463078, 390136.718750, 0.000000, 173.727273
788.572545, 390625.000000, 0.000000, 173.727273
732.780011, 391113.281250, 0.000000, 173.727273
349.571907, 391601.562500, 0.000000, 173.727273
124.340672, 392089.843750, 0.000000, 173.727273
-162.886995, 392578.125000, 0.000000, 173.727273
-308.231882, 393066.406250, 0.000000, 173.727273
-450.866461, 393554.687500, 0.000000, 173.727273
-409.326331, 394042.968750, 0.000000, 173.727273
-103.659697, 394531.250000, 0.000000, 173.727273
29.866712, 395019.531250, 0.000000, 173.727273
28.137402, 395507.812500, 0.000000, 173.727273
9.133037, 395996.093750, 0.000000, 173.727273
-63.596207, 396484.375000, 0.000000, 173.727273
-76.041976, 396972.656250, 0.000000, 173.727273
-67.266006, 397460.937500, 0.000000, 173.727273
18.855794, 397949.218750, 0.000000, 173.727273
132.629810, 398437.500000, 0.000000, 173.727273
206.475620, 398925.781250, 0.000000, 173.727273
426.109224, 399414.062500, 0.000000, 173.727273
-289.366854, 399902.343750, 0.000000, 173.727273
-620.936288, 400390.625000, 0.000000, 173.727273
-536.698784, 400878.906250, 0.000000, 173.727273
-368.709105, 401367.187500, 0.000000, 173.727273
59.226364, 401855.468750, 0.000000, 173.727273
535.996177, 402343.750000, 0.000000, 173.727273
755.561051, 402832.031250, 0.000000, 173.727273
620.073162, 403320.312500, 0.000000, 173.727273
266.241261, 403808.593750, 0.000000, 173.727273
-38.910962, 404296.875000, 0.000000, 173.727273
-290.199944, 404785.156250, 0.000000, 173.727273
-362.784716, 405273.437500, 0.000000, 173.727273
1.493654, 405761.718750, 0.000000, 173.727273
105.446017, 406250.000000, 0.000000, 173.727273
-36.522338, 406738.281250, 0.000000, 173.727273
-175.605132, 407226.562500, 0.000000, 173.727273
-270.626746, 407714.843750, 0.000000, 173.727273
-295.137185, 408203.125000, 0.000000, 173.727273
-278.509504, 408691.406250, 0.000000, 173.727273
58.457498, 409179.687500, 0.000000, 173.727273
282.806976, 409667.968750, 0.000000, 173.727273
448.001645, 410156.250000, 0.000000, 173.727273
474.172151, 410644.531250, 0.000000, 173.727273
247.523850, 411132.812500, 0.000000, 173.727273
-89.658637, 411621.093750, 0.000000, 173.727273
-779.188837, 412109.375000, 0.000000, 173.727273
-791.255176, 412597.656250, 0.000000, 173.727273
-477.104745, 413085.937500, 0.000000, 173.727273
-0.062049, 413574.218750, 0.000000, 173.727273
347.876602, 414062.500000, 0.000000, 173.727273
733.589958, 414550.781250, 0.000000, 173.727273
517.215190, 415039.062500, 0.000000, 173.727273
362.671430, 415527.343750, 0.000000, 173.727273
114.998636, 416015.625000, 0.000000, 173.727273
-62.334247, 416503.906250, 0.000000, 173.727273
-288.168387, 416992.187500, 0.000000, 173.727273
-319.172064, 417480.468750, 0.000000, 173.727273
-362.577538, 417968.750000, 0.000000, 173.727273
-198.846498, 418457.031250, 0.000000, 173.727273
29.586433, 418945.312500, 0.000000, 173.727273
281.570938, 419433.593750, 0.000000, 173.727273
585.674694, 419921.875000, 0.000000, 173.727273
559.597186, 420410.156250, 0.000000, 173.727273
45.275164, 420898.437500, 0.000000, 173.727273
-102.084602, 421386.718750, 0.000000, 173.727273
-53.640325, 421875.000000, 0.000000, 173.727273
-1.233404, 422363.281250, 0.000000, 173.727273
39.002105, 422851.562500, 0.000000, 173.727273
-755.648778, 423339.843750, 0.000000, 173.727273
-1222.971721, 423828.125000, 0.000000, 173.727273
-1239.958942, 424316.406250, 0.000000, 173.727273
-852.694245, 424804.687500, 0.000000, 173.727273
-266.094741, 425292.968750, 0.000000, 173.727273
482.277786, 425781.250000, 0.000000, 173.727273
1206.592877, 426269.531250, 0.000000, 173.727273
1467.161349, 426757.812500, 0.000000, 173.727273
1638.788001, 427246.093750, 0.000000, 173.727273
1511.283160, 427734.375000, 0.000000, 173.727273
910.008599, 428222.656250, 0.000000, 173.727273
101.956431, 428710.937500, 0.000000, 173.727273
-577.230863, 429199.218750, 0.000000, 173.727273
-1192.405404, 429687.500000, 0.000000, 173.727273
-1582.216545, 430175.781250, 0.000000, 173.727273
-1574.603886, 430664.062500, 0.000000, 173.727273
-1237.586950, 431152.343750, 0.000000, 173.727273
-653.807863, 431640.625000, 0.000000, 173.727273
9.687667, 432128.906250, 0.000000, 173.727273
472.262670, 432617.187500, 0.000000, 173.727273
881.146464, 433105.468750, 0.000000, 173.727273
1120.775412, 433593.750000, 0.000000, 173.727273
1047.380750, 434082.031250, 0.000000, 173.727273
708.478143, 434570.312500, 0.000000, 173.727273
312.702841, 435058.593750, 0.000000, 173.727273
-57.693202, 435546.875000, 0.000000, 173.727273
-354.438662, 436035.156250, 0.000000, 173.727273
-636.690186, 436523.437500, 0.000000, 173.727273
-692.836658, 437011.718750, 0.000000, 173.727273
-597.950565, 437500.000000, 0.000000, 173.727273
-373.474528, 437988.281250, 0.000000, 173.727273
-24.901535, 438476.562500, 0.000000, 173.727273
313.756251, 438964.843750, 0.000000, 173.727273
557.206406, 439453.125000, 0.000000, 173.727273
584.247983, 439941.406250, 0.000000, 173.727273
457.933707, 440429.687500, 0.000000, 173.727273
-59.696265, 440917.968750, 0.000000, 173.727273
-259.539518, 441406.250000, 0.000000, 173.727273
-322.120333, 441894.531250, 0.000000, 173.727273
-170.105741, 442382.812500, 0.000000, 173.727273
-31.934753, 442871.093750, 0.000000, 173.727273
122.129124, 443359.375000, 0.000000, 173.727273
62.518959, 443847.656250, 0.000000, 173.727273
-188.129536, 444335.937500, 0.000000, 173.727273
-366.517667, 444824.218750, 0.000000, 173.727273
-355.789376, 445312.500000, 0.000000, 173.727273
-293.317130, 445800.781250, 0.000000, 173.727273
-42.474034, 446289.062500, 0.000000, 173.727273
263.763827, 446777.343750, 0.000000, 173.727273
559.536291, 447265.625000, 0.000000, 173.727273
729.459186, 447753.906250, 0.000000, 173.727273
698.962687, 448242.187500, 0.000000, 173.727273
604.137502, 448730.468750, 0.000000, 173.727273
199.774684, 449218.750000, 0.000000, 173.727273
-238.704457, 449707.031250, 0.000000, 173.727273
-985.318560, 450195.312500, 0.000000, 173.727273
-1165.876310, 450683.593750, 0.000000, 173.727273
-942.327283, 451171.875000, 0.000000, 173.727273
-514.405745, 451660.156250, 0.000000, 173.727273
112.486588, 452148.437500, 0.000000, 173.727273
739.042574, 452636.718750, 0.000000, 173.727273
869.944030, 453125.000000, 0.000000, 173.727273
753.523628, 453613.281250, 0.000000, 173.727273
330.116072, 454101.562500, 0.000000, 173.727273
-248.934003, 454589.843750, 0.000000, 173.727273
-772.254138, 455078.125000, 0.000000, 173.727273
-1062.019471, 455566.406250, 0.000000, 173.727273
-884.489718, 456054.687500, 0.000000, 173.727273
290.876777, 456542.968750, 0.000000, 173.727273
885.415274, 457031.250000, 0.000000, 173.727273
1355.331638, 457519.531250, 0.000000, 173.727273
1569.515090, 458007.812500, 0.000000, 173.727273
912.256524, 458496.093750, 0.000000, 173.727273
259.758692, 458984.375000, 0.000000, 173.727273
-558.433390, 459472.656250, 0.000000, 173.727273
-1136.443895, 459960.937500, 0.000000, 173.727273
-1427.279836, 460449.218750, 0.000000, 173.727273
-1380.384193, 460937.500000, 0.000000, 173.727273
-1031.667922, 461425.781250, 0.000000, 173.727273
-159.163410, 461914.062500, 0.000000, 173.727273
448.358918, 462402.343750, 0.000000, 173.727273
633.378310, 462890.625000, 0.000000, 173.727273
602.139687, 463378.906250, 0.000000, 173.727273
310.139789, 463867.187500, 0.000000, 173.727273
14.744847, 464355.468750, 0.000000, 173.727273
-146.586298, 464843.750000, 0.000000, 173.727273
109.294413, 465332.031250, 0.000000, 173.727273
465.342907, 465820.312500, 0.000000, 173.727273
706.542602, 466308.593750, 0.000000, 173.727273
777.020629, 466796.875000, 0.000000, 173.727273
536.506269, 467285.156250, 0.000000, 173.727273
109.663051, 467773.437500, 0.000000, 173.727273
-337.373126, 468261.718750, 0.000000, 173.727273
-643.238749, 468750.000000, 0.000000, 173.727273
-835.472400, 469238.281250, 0.000000, 173.727273
-771.228300, 469726.562500, 0.000000, 173.727273
-576.769752, 470214.843750, 0.000000, 173.727273
-310.984413, 470703.125000, 0.000000, 173.727273
-72.251553, 471191.406250, 0.000000, 173.727273
227.847317, 471679.687500, 0.000000, 173.727273
300.666744, 472167.968750, 0.000000, 173.727273
433.075829, 472656.250000, 0.000000, 173.727273
307.908221, 473144.531250, 0.000000, 173.727273
438.472972, 473632.812500, 0.000000, 173.727273
433.403989, 474121.093750, 0.000000, 173.727273
139.584483, 474609.375000, 0.000000, 173.727273
-149.149712, 475097.656250, 0.000000, 173.727273
-297.704725, 475585.937500, 0.000000, 173.727273
-599.751270, 476074.218750, 0.000000, 173.727273
-391.121540, 476562.500000, 0.000000, 173.727273
-120.906311, 477050.781250, 0.000000, 173.727273
348.869001, 477539.062500, 0.000000, 173.727273
588.315333, 478027.343750, 0.000000, 173.727273
576.111335, 478515.625000, 0.000000, 173.727273
335.703103, 479003.906250, 0.000000, 173.727273
-100.398788, 479492.187500, 0.000000, 173.727273
-454.513964, 479980.468750, 0.000000, 173.727273
-628.783029, 480468.750000, 0.000000, 173.727273
-641.193449, 480957.031250, 0.000000, 173.727273
-270.972747, 481445.312500, 0.000000, 173.727273
-249.111248, 481933.593750, 0.000000, 173.727273
-78.905159, 482421.875000, 0.000000, 173.727273
337.499870, 482910.156250, 0.000000, 173.727273
535.098990, 483398.437500, 0.000000, 173.727273
690.168452, 483886.718750, 0.000000, 173.727273
752.809188, 484375.000000, 0.000000, 173.727273
543.756328, 484863.281250, 0.000000, 173.727273
137.025615, 485351.562500, 0.000000, 173.727273
-393.292164, 485839.843750, 0.000000, 173.727273
-762.664625, 486328.125000, 0.000000, 173.727273
-816.008236, 486816.406250, 0.000000, 173.727273
-724.708453, 487304.687500, 0.000000, 173.727273
-443.263030, 487792.968750, 0.000000, 173.727273
-4.186262, 488281.250000, 0.000000, 173.727273
240.263358, 488769.531250, 0.000000, 173.727273
367.861018, 489257.812500, 0.000000, 173.727273
620.908699, 489746.093750, 0.000000, 173.727273
746.402776, 490234.375000, 0.000000, 173.727273
541.820483, 490722.656250, 0.000000, 173.727273
331.526209, 491210.937500, 0.000000, 173.727273
67.912922, 491699.218750, 0.000000, 173.727273
-340.109766, 492187.500000, 0.000000, 173.727273
-739.918073, 492675.781250, 0.000000, 173.727273
-887.679743, 493164.062500, 0.000000, 173.727273
-665.301089, 493652.343750, 0.000000, 173.727273
-414.441370, 494140.625000, 0.000000, 173.727273
10.343753, 494628.906250, 0.000000, 173.727273
666.190239, 495117.187500, 0.000000, 173.727273
951.456811, 495605.468750, 0.000000, 173.727273
724.388153, 496093.750000, 0.000000, 173.727273
534.312931, 496582.031250, 0.000000, 173.727273
219.115399, 497070.312500, 0.000000, 173.727273
-178.601937, 497558.593750, 0.000000, 173.727273
-570.346939, 498046.875000, 0.000000, 173.727273
-986.444979, 498535.156250, 0.000000, 173.727273
-931.210206, 499023.437500, 0.000000, 173.727273
-447.354909, 499511.718750, 0.000000, 173.727273
