voltages, filtered
-0.073012, -0.000415
-0.073012, -0.001314
0.030138, 0.000138
0.080907, 0.001852
0.093801, 0.001643
0.106695, 0.001238
0.132482, 0.000998
0.184057, 0.001054
0.184057, 0.001011
0.184057, 0.000018
0.184057, -0.000446
0.184057, -0.000913
0.132482, -0.001505
0.081713, -0.002631
0.081713, -0.002732
0.106695, -0.001865
0.081713, -0.001257
0.081713, -0.001312
0.106695, -0.000406
0.132482, 0.000525
0.132482, 0.001106
0.132482, 0.001241
0.132482, 0.001537
0.080907, 0.001455
0.055925, 0.000857
0.055925, 0.001260
0.080907, 0.001818
0.080907, 0.002308
0.055925, 0.001904
0.081713, 0.001555
0.093801, 0.001847
0.106695, 0.001339
0.132482, 0.000980
0.081713, 0.000152
0.080907, -0.001531
0.080907, -0.001744
0.030138, -0.002693
0.055925, -0.003579
0.080907, -0.002862
0.080907, -0.002923
0.030138, -0.003342
0.030138, -0.003808
0.080907, -0.002585
0.081713, -0.001311
0.106695, -0.000836
0.132482, 0.000477
0.184057, 0.001627
0.184057, 0.002838
0.132482, 0.002683
0.106695, 0.002469
0.106695, 0.003141
0.106695, 0.003871
0.132482, 0.004426
0.106695, 0.004766
0.132482, 0.004156
0.132482, 0.004297
0.106695, 0.003070
0.080907, 0.001618
0.055925, 0.000159
0.055925, -0.001197
0.055925, -0.002233
0.080907, -0.003351
0.080907, -0.004216
0.080907, -0.005577
0.080907, -0.006472
0.080907, -0.007126
0.080907, -0.007367
0.055925, -0.007325
0.030138, -0.007125
0.080907, -0.005733
0.080907, -0.003170
0.080907, -0.001625
0.080907, 0.000763
0.030138, 0.002933
0.030138, 0.004947
0.055925, 0.008296
0.080907, 0.011296
0.106695, 0.013755
0.132482, 0.015585
0.132482, 0.016463
0.132482, 0.016102
0.132482, 0.015007
0.106695, 0.012690
0.106695, 0.009120
0.132482, 0.005154
0.132482, -0.000058
0.081713, -0.007265
0.080907, -0.015683
0.030138, -0.024200
0.030138, -0.107338
0.030138, -0.116785
0.030138, -0.024111
0.080907, 0.016341
0.080907, 0.019132
0.055925, 0.020758
0.080907, 0.036167
0.080907, 0.078677
0.080907, 0.069718
0.055925, 0.061985
0.080907, 0.055373
0.080907, 0.050925
0.055925, -0.004659
0.055925, -0.057821
0.080907, -0.058087
0.080907, -0.031970
0.055925, -0.055153
-0.021437, -0.052510
-0.021437, -0.023760
0.030138, 0.008668
0.030138, 0.015675
0.030138, 0.022077
0.030138, 0.029127
0.030138, -0.015486
0.055925, -0.033488
0.055925, -0.026741
0.055925, 0.003792
0.055925, 0.008845
0.080907, -0.011889
0.055925, 0.017217
0.055925, 0.030782
0.080907, 0.045041
0.055925, 0.070808
-0.021437, 0.017835
-0.021437, 0.014107
-0.021437, 0.011849
0.030138, -0.042336
-0.021437, -0.020427
-0.073012, -0.001820
-0.099606, -0.007272
-0.073012, -0.063069
-0.021437, -0.067260
0.030138, -0.020713
-0.021437, -0.024712
-0.021437, -0.005233
-0.073012, 0.017053
-0.072207, 0.064991
-0.021437, 0.063944
-0.073012, 0.011680
-0.073012, -0.015288
-0.073012, -0.013898
-0.073012, -0.012236
-0.092353, 0.016108
-0.112500, -0.006717
-0.124588, 0.022939
-0.124588, 0.027508
-0.112500, 0.006852
-0.176163, -0.013991
-0.099606, -0.034277
-0.073012, -0.027411
-0.021437, -0.022860
-0.073012, 0.006558
-0.021437, 0.009127
0.030138, 0.013492
0.055925, 0.015773
0.055925, 0.016928
0.030138, 0.016827
0.030138, -0.008969
-0.021437, -0.035972
0.030138, 0.012664
0.030138, 0.011610
0.030138, 0.008295
0.055925, 0.005384
0.080907, -0.048429
0.055925, -0.052090
-0.021437, -0.030905
-0.019020, -0.010042
0.030138, 0.013848
-0.021437, 0.037492
0.030138, 0.034806
0.055925, 0.034810
0.030138, 0.033617
-0.021437, 0.006884
-0.021437, 0.006929
-0.072207, 0.034122
-0.021437, 0.035720
-0.021437, -0.011465
-0.072207, -0.009792
-0.112500, -0.059312
-0.099606, -0.057421
-0.073012, -0.052170
-0.021437, -0.046597
-0.073012, 0.008497
-0.112500, 0.010845
-0.099606, -0.010532
-0.073012, 0.019393
-0.021437, 0.023498
-0.021437, 0.026860
-0.099606, 0.003293
-0.124588, 0.029470
-0.124588, 0.031129
-0.124588, 0.006595
-0.073012, 0.007311
-0.021437, 0.034452
0.030138, 0.035025
-0.021437, 0.009606
-0.073012, -0.069277
-0.099606, -0.069151
-0.122170, -0.017251
-0.112500, -0.016817
-0.092353, -0.015292
-0.021437, -0.014560
-0.021437, -0.013770
-0.021437, 0.011684
0.055925, 0.013328
0.055925, 0.015755
0.030138, 0.015645
-0.021437, 0.041861
-0.021437, 0.018953
-0.021437, 0.022363
-0.021437, 0.051782
-0.021437, 0.030503
0.030138, -0.042363
0.030138, -0.036131
0.030138, -0.032014
0.030138, 0.025518
0.080907, -0.018795
0.055925, -0.062246
0.055925, -0.082925
0.055925, -0.049135
0.030138, 0.010941
0.030138, 0.070582
0.030138, 0.027854
0.030138, 0.036345
-0.020631, -0.006461
0.030138, 0.002435
-0.021437, 0.060557
-0.021437, 0.013027
-0.124588, 0.017835
-0.202756, 0.019384
-0.195503, 0.022725
-0.176968, 0.005189
-0.124588, -0.014347
-0.021437, -0.026673
0.030138, -0.029366
-0.020631, -0.023753
-0.021437, -0.096398
-0.021437, -0.028208
-0.073012, -0.011907
-0.021437, 0.029274
-0.021437, -0.031910
0.055925, 0.008312
-0.222097, 0.048068
-0.176968, 0.058613
-0.112500, 0.052238
-0.073012, 0.017320
-0.020631, 0.008532
-0.021437, -0.049569
-0.021437, -0.004155
-0.073012, -0.009023
-0.073012, -0.012210
-0.072207, 0.012212
-0.073012, 0.037135
-0.073012, 0.014538
-0.112500, -0.058943
-0.112500, -0.051472
-0.073012, 0.005393
-0.021437, -0.037630
-0.099606, 0.022051
-0.118947, 0.055098
-0.099606, 0.038543
-0.072207, -0.003841
-0.021437, 0.005883
-0.072207, -0.035642
-0.021437, 0.021280
-0.099606, 0.029133
-0.124588, -0.017917
-0.124588, -0.052582
-0.124588, -0.034797
-0.124588, -0.004495
-0.124588, 0.051096
-0.124588, 0.002797
-0.073012, -0.034922
-0.021437, -0.019385
0.030138, 0.008625
0.030138, 0.060941
0.055925, 0.059787
0.080907, -0.018344
0.055925, -0.044002
0.080907, -0.045871
0.030138, -0.047340
-0.021437, 0.001822
-0.021437, 0.051812
-0.021437, 0.102038
0.030138, 0.047074
0.030138, -0.007840
0.030138, -0.037956
0.030138, -0.064494
0.030138, -0.059896
0.080907, -0.045031
0.055925, 0.019923
0.030138, 0.012510
0.080907, 0.005620
0.030138, 0.075986
0.030138, 0.066791
0.055925, 0.034458
0.030138, -0.024839
-0.021437, -0.033307
-0.021437, -0.040028
0.030138, -0.044793
0.080907, -0.050350
0.030138, -0.003510
-0.021437, -0.008555
-0.021437, -0.009331
-0.072207, -0.009442
-0.021437, 0.041440
0.030138, 0.019784
0.030138, 0.023977
-0.021437, 0.029207
0.030138, 0.011444
-0.019020, 0.019805
-0.072207, 0.027165
-0.021437, 0.036138
-0.021437, -0.004582
-0.021437, 0.056818
-0.021437, 0.014643
0.030138, 0.023807
0.080907, -0.069868
0.080907, -0.140214
0.030138, -0.127475
-0.021437, -0.105168
-0.021437, -0.049332
-0.021437, 0.056630
0.030138, 0.110834
0.055925, 0.059661
-0.020631, 0.057925
0.055925, 0.055634
0.080907, 0.004797
0.055925, 0.051833
-0.021437, 0.047534
0.030138, 0.121797
0.080907, -0.157014
0.082519, -0.114125
0.081713, -0.052988
0.106695, -0.015092
0.132482, 0.035131
0.106695, 0.034010
0.093801, 0.033949
0.106695, -0.016436
0.106695, -0.013842
0.132482, -0.009342
0.132482, -0.005744
0.080907, -0.003435
0.030138, -0.040557
0.030138, -0.034941
0.030138, 0.008945
0.030138, 0.065438
0.030138, -0.007494
0.030138, -0.022787
0.030138, -0.001616
0.030138, 0.027751
0.030138, 0.078046
0.030138, 0.027129
0.055925, 0.076990
0.080907, -0.004139
0.080907, -0.034531
0.080907, -0.040662
0.080907, -0.047464
0.080907, -0.053853
0.080907, -0.062367
0.055925, -0.072659
0.055925, -0.031238
0.055925, 0.010943
0.055925, 0.053675
0.080907, 0.045347
0.055925, 0.061149
0.030138, 0.075545
0.030138, 0.041965
0.030138, 0.059150
0.030138, 0.002268
0.030138, -0.054088
0.055925, -0.056755
0.030138, -0.059850
-0.021437, -0.012536
0.030138, -0.014847
0.030138, -0.015239
0.030138, -0.015983
0.080907, -0.015265
0.055925, 0.038273
0.030138, 0.014737
-0.021437, -0.009684
-0.073012, 0.044298
-0.021437, -0.002346
-0.021437, 0.002450
0.030138, 0.030620
0.030138, 0.008563
-0.073012, -0.041192
-0.073012, -0.039489
-0.021437, 0.015782
-0.021437, 0.070795
-0.021437, 0.022683
-0.021437, -0.026171
-0.021437, -0.024271
0.030138, -0.071491
-0.019020, -0.018191
-0.021437, 0.033969
-0.021437, 0.036449
-0.021437, -0.014033
-0.021437, 0.038838
-0.021437, -0.009421
-0.021437, -0.061298
-0.073012, -0.011740
-0.021437, -0.011240
-0.021437, -0.011101
-0.021437, -0.012452
-0.021437, 0.036294
-0.021437, 0.082084
-0.021437, 0.077646
-0.021437, 0.022310
-0.020631, -0.034090
0.030138, -0.037714
0.030138, -0.040758
-0.021437, 0.003800
0.030138, 0.022519
-0.073012, -0.059404
-0.099606, 0.007322
-0.124588, 0.027522
-0.124588, -0.004276
-0.124588, -0.083174
-0.124588, -0.040596
-0.124588, 0.003705
-0.124588, 0.002080
-0.124588, -0.001428
-0.124588, 0.022403
-0.073012, 0.047487
-0.072207, 0.022411
-0.073012, 0.008586
-0.073012, 0.022133
-0.073012, 0.023780
-0.072207, 0.051775
-0.021437, 0.055129
-0.021437, 0.006684
-0.021437, -0.041812
-0.073012, -0.038703
-0.122170, -0.034695
-0.073012, -0.031784
0.030138, -0.027965
0.030138, -0.024314
0.030138, -0.023093
0.055925, -0.019712
0.055925, -0.019198
0.030138, -0.017840
0.030138, 0.007204
0.055925, 0.031367
0.030138, 0.030582
0.030138, 0.028894
-0.072207, 0.027162
-0.072207, 0.024371
-0.021437, 0.023960
-0.020631, -0.001178
0.030138, -0.001476
0.055925, -0.000114
0.055925, -0.000381
-0.020631, 0.024171
-0.019020, -0.000403
-0.021437, -0.024665
-0.021437, -0.022451
0.030138, -0.019953
0.055925, -0.017761
-0.021437, -0.015862
-0.072207, 0.011096
-0.021437, -0.009931
-0.099606, -0.056328
-0.112500, -0.001717
-0.021437, 0.004547
-0.021437, 0.010477
-0.073012, 0.066233
-0.021437, 0.046485
-0.099606, 0.025457
-0.124588, -0.021777
-0.099606, -0.068071
-0.073012, -0.011708
-0.021437, -0.006349
-0.073012, 0.049371
-0.092353, 0.050337
-0.124588, -0.050815
-0.173745, -0.048993
-0.118947, 0.005805
-0.124588, 0.008292
-0.124588, 0.006984
-0.202756, 0.006525
-0.176968, 0.003548
-0.122170, 0.055263
-0.021437, 0.006349
-0.021437, 0.003672
-0.072207, -0.001274
-0.073012, -0.003906
-0.073012, -0.006053
-0.073012, -0.010068
-0.021437, -0.011437
-0.021437, -0.063654
-0.021437, -0.013515
-0.021437, -0.014031
-0.072207, -0.013235
-0.021437, -0.010608
-0.021437, -0.005694
-0.021437, -0.002509
-0.112500, 0.000775
-0.124588, 0.005583
-0.099606, 0.063472
-0.073012, 0.071662
-0.099606, 0.029453
-0.118947, 0.086854
-0.112500, -0.007698
-0.099606, -0.025142
-0.099606, -0.042037
-0.112500, -0.037224
-0.099606, -0.031866
-0.073012, -0.025852
-0.021437, -0.021664
-0.021437, -0.019532
-0.099606, -0.020097
-0.124588, -0.021767
-0.073012, 0.027755
-0.021437, 0.025175
-0.021437, 0.019288
0.030138, 0.012318
-0.020631, 0.005240
-0.021437, -0.003271
-0.072207, 0.038230
-0.021437, 0.027156
-0.021437, 0.018463
-0.021437, -0.043089
-0.021437, -0.101139
-0.021437, -0.060440
-0.021437, 0.035137
-0.021437, 0.028480
-0.021437, 0.022827
0.030138, 0.044350
0.030138, 0.041321
0.030138, 0.012685
-0.021437, 0.011454
-0.021437, 0.036128
-0.021437, 0.011182
0.030138, 0.012502
0.080907, -0.087292
0.030138, -0.085381
-0.021437, -0.034357
0.030138, -0.031421
0.030138, 0.022916
-0.021437, 0.050273
-0.021437, 0.052937
-0.021437, -0.020301
-0.073012, -0.016554
-0.073012, -0.016558
-0.073012, -0.012587
-0.073012, 0.042862
-0.073012, 0.072782
-0.021437, 0.000875
-0.021437, -0.043805
-0.021437, 0.010585
0.030138, -0.060991
-0.021437, -0.066765
-0.021437, 0.029527
0.030138, 0.038589
-0.021437, -0.005009
0.030138, 0.053044
0.055925, -0.016898
0.030138, -0.037061
-0.021437, -0.006123
-0.073012, 0.025422
-0.021437, 0.082841
-0.073012, 0.037621
-0.112500, 0.018668
-0.118947, -0.012662
-0.122170, -0.060127
-0.112500, -0.005204
-0.099606, -0.012167
-0.099606, -0.014647
-0.073012, -0.097029
-0.073012, -0.074363
-0.124588, -0.025855
-0.124588, 0.067996
-0.124588, 0.062345
-0.099606, 0.005577
-0.073012, -0.000509
-0.073012, -0.006074
-0.073012, -0.010800
-0.021437, 0.035568
-0.073012, 0.032917
-0.021437, 0.029995
0.030138, 0.030271
0.030138, -0.020625
-0.021437, 0.030289
-0.021437, 0.031375
0.030138, 0.035016
-0.021437, -0.052355
-0.021437, -0.060575
-0.072207, -0.029487
-0.072207, 0.000192
-0.021437, -0.019115
-0.099606, -0.034504
-0.099606, -0.026257
-0.092353, -0.009802
-0.073012, -0.007551
-0.072207, -0.018907
-0.021437, -0.005882
-0.072207, 0.019830
-0.073012, 0.067570
-0.073012, 0.064363
-0.112500, -0.019490
-0.099606, -0.049973
-0.099606, -0.004190
-0.073012, 0.039999
0.030138, 0.032942
0.055925, 0.077330
-0.020631, 0.016284
-0.021437, 0.006357
-0.021437, -0.051738
0.030138, -0.008065
0.055925, -0.014531
0.055925, -0.022324
0.055925, -0.028356
0.055925, -0.030704
0.055925, -0.032728
0.030138, -0.034441
0.030138, -0.034547
0.030138, 0.018710
-0.021437, 0.020204
-0.073012, 0.021812
-0.021437, -0.025190
-0.021437, -0.020123
-0.021437, -0.015539
0.030138, 0.039248
-0.073012, 0.092713
-0.118947, 0.044043
-0.124588, -0.004086
-0.112500, 0.051096
-0.099606, 0.054192
-0.073012, 0.004990
-0.021437, 0.004731
-0.021437, 0.003932
-0.021437, -0.049725
-0.021437, -0.052288
-0.073012, -0.054722
-0.021437, -0.056517
0.080907, -0.057768
0.082519, -0.009759
0.106695, -0.011949
0.080907, -0.014286
0.080907, 0.034108
0.080907, -0.016029
0.030138, -0.013760
0.030138, 0.038758
-0.021437, -0.007411
0.030138, 0.048660
0.055925, 0.081335
0.080907, 0.063091
-0.021437, 0.019459
0.030138, -0.023214
0.080907, 0.039287
0.080907, -0.003731
0.055925, -0.035418
0.055925, -0.036210
0.030138, -0.032416
0.030138, -0.017889
0.030138, -0.000507
0.030138, -0.000088
0.030138, 0.026088
0.055925, 0.024707
0.055925, -0.027973
0.030138, -0.031933
-0.124588, -0.039845
-0.124588, -0.024083
-0.072207, -0.003225
0.030138, -0.010356
0.030138, -0.016554
0.030138, 0.026677
0.030138, -0.032185
0.030138, 0.013533
-0.021437, 0.058665
-0.072207, 0.054799
-0.021437, 0.001988
-0.021437, 0.004070
-0.021437, 0.055750
-0.021437, 0.006550
-0.073012, 0.010708
-0.092353, -0.034442
-0.099606, -0.027773
-0.124588, 0.029372
-0.099606, -0.042010
-0.021437, -0.034200
-0.021437, -0.020279
-0.021437, 0.002440
-0.021437, 0.006048
-0.021437, 0.057967
-0.021437, 0.007395
-0.073012, 0.004645
-0.021437, -0.001196
-0.021437, -0.047210
-0.021437, -0.042957
-0.021437, -0.051082
-0.021437, -0.035117
-0.021437, 0.058376
-0.073012, 0.072228
-0.073012, -0.015709
-0.073012, -0.027383
-0.021437, -0.035773
-0.073012, 0.009010
-0.099606, 0.027680
-0.124588, 0.023991
-0.124588, 0.022307
-0.124588, 0.023296
-0.124588, 0.026305
-0.099606, 0.005199
-0.112500, 0.013000
-0.099606, 0.021143
-0.073012, -0.020248
-0.021437, -0.062330
-0.021437, -0.000765
-0.099606, 0.007482
-0.124588, 0.015592
-0.112500, 0.077109
-0.099606, -0.018669
-0.099606, -0.060819
-0.073012, -0.062930
-0.021437, -0.048408
-0.073012, -0.037301
0.003544, -0.015272
-0.021437, 0.032600
-0.021437, 0.023261
-0.021437, 0.014305
0.055925, 0.004325
0.030138, -0.057380
-0.021437, -0.019255
-0.021437, 0.071791
-0.021437, 0.063054
-0.124588, 0.075709
-0.173745, 0.040086
-0.124588, 0.032425
-0.124588, 0.025997
-0.021437, -0.028446
-0.021437, -0.031459
-0.021437, -0.086166
-0.021437, -0.034417
-0.122170, -0.008722
-0.124588, 0.016354
-0.073012, -0.083440
-0.021437, -0.026385
-0.073012, 0.028645
-0.122170, 0.031025
-0.176968, 0.010158
-0.176163, 0.014823
-0.073012, -0.004495
-0.021437, 0.002688
-0.099606, 0.006862
-0.118947, 0.010271
-0.124588, 0.015724
-0.124588, 0.044973
-0.112500, 0.048851
-0.072207, 0.027067
-0.021437, -0.123151
-0.021437, -0.118896
-0.021437, -0.063308
-0.092353, 0.041393
-0.124588, 0.044847
-0.170522, 0.047671
-0.124588, 0.051422
-0.122170, 0.057533
-0.099606, 0.010307
-0.124588, -0.037162
-0.124588, 0.015474
-0.176163, 0.019684
-0.202756, 0.020971
-0.202756, 0.023398
-0.173745, -0.026716
-0.124588, -0.045164
-0.124588, -0.050235
-0.123782, -0.076778
-0.072207, -0.052937
-0.021437, 0.024573
-0.073012, 0.023110
-0.021437, 0.019967
-0.020631, 0.020396
-0.021437, 0.017691
-0.021437, 0.015887
0.030138, -0.036199
-0.020631, 0.014527
-0.021437, 0.013331
0.030138, 0.015092
-0.021437, 0.016952
-0.099606, 0.019747
-0.124588, 0.024936
-0.099606, -0.022086
-0.073012, -0.016100
-0.099606, -0.010344
-0.124588, 0.047507
-0.124588, 0.003179
-0.112500, -0.016455
-0.112500, -0.035098
-0.021437, -0.029247
0.030138, -0.023063
-0.021437, -0.020731
-0.021437, 0.004765
-0.073012, -0.007275
-0.021437, 0.003931
-0.021437, 0.027895
-0.021437, 0.075564
0.030138, 0.071652
0.030138, -0.012271
-0.021437, -0.043121
-0.072207, -0.040032
-0.021437, -0.035972
-0.021437, -0.042991
-0.021437, -0.024233
-0.021437, 0.020797
-0.021437, -0.036667
0.080907, 0.036685
0.080907, 0.009932
0.055925, 0.006404
0.030138, 0.005409
0.055925, 0.082021
-0.021437, 0.057681
-0.021437, 0.009971
0.030138, 0.016158
0.080907, 0.023218
0.080907, -0.073662
0.055925, -0.117327
0.080907, -0.061534
0.055925, -0.055949
0.030138, 0.052247
0.030138, 0.055983
0.080907, 0.061120
0.080907, 0.065619
0.080907, -0.031545
0.081713, -0.034004
0.080907, 0.017887
0.055925, 0.070336
0.055925, 0.018524
0.080907, -0.031523
0.080907, -0.087113
0.030138, -0.088457
0.080907, 0.013048
0.106695, 0.065118
0.132482, -0.013296
0.132482, -0.032291
0.081713, -0.036914
0.080907, -0.035486
0.055925, -0.019477
0.030138, 0.021160
-0.021437, 0.074116
0.030138, 0.078260
0.055925, 0.086434
0.080907, 0.021409
0.030138, -0.005757
0.030138, -0.047952
-0.021437, 0.002589
-0.021437, 0.007260
0.030138, 0.031402
0.030138, 0.008447
0.055925, 0.008249
0.055925, -0.044679
0.055925, -0.074267
0.080907, -0.079158
0.030138, -0.056533
0.030138, -0.015204
0.055925, -0.022677
0.080907, -0.030019
0.055925, 0.014593
0.055925, 0.057185
0.080907, -0.001796
0.030138, 0.042608
0.030138, 0.035973
0.030138, 0.030760
0.030138, 0.025185
0.030138, 0.074138
-0.072207, 0.021301
-0.021437, 0.018962
-0.072207, 0.072732
-0.073012, 0.021657
-0.021437, -0.052423
-0.021437, -0.074443
-0.021437, -0.046641
0.030138, -0.016735
0.030138, -0.038212
0.055925, -0.060911
0.030138, -0.059082
-0.021437, -0.047287
-0.124588, -0.048213
-0.124588, 0.041358
-0.124588, 0.092181
-0.175357, 0.038295
-0.175357, 0.034177
-0.124588, -0.021019
-0.124588, 0.026140
-0.099606, 0.020829
-0.072207, 0.015849
-0.021437, 0.059850
-0.021437, 0.051867
-0.021437, -0.007961
-0.021437, -0.065989
-0.173745, -0.023260
-0.195503, -0.032034
-0.124588, -0.034480
-0.124588, -0.039307
-0.073012, -0.042596
-0.021437, 0.057288
0.030138, 0.054532
0.055925, 0.026486
0.030138, -0.000835
-0.072207, 0.022136
-0.072207, -0.059128
0.030138, -0.059826
0.055925, -0.007987
0.030138, 0.038782
0.080907, 0.033793
0.080907, 0.006917
0.030138, 0.027061
0.030138, -0.000507
0.055925, -0.028337
0.030138, -0.031664
0.030138, 0.016021
-0.073012, 0.010919
-0.021437, 0.005666
0.030138, 0.006054
0.055925, 0.004822
-0.021437, -0.022366
-0.021437, -0.025629
-0.021437, -0.001697
0.030138, -0.002590
-0.021437, -0.051102
0.030138, 0.002492
0.080907, 0.031491
0.106695, 0.059450
0.081713, 0.062026
0.106695, 0.013916
0.106695, 0.017135
0.106695, -0.004098
0.106695, -0.024732
0.106695, -0.072029
0.132482, -0.015792
0.184057, 0.013220
0.132482, 0.040727
0.132482, -0.010269
0.106695, -0.007745
0.081713, -0.058437
-0.021437, -0.057379
0.055925, -0.006036
0.093801, -0.003170
0.106695, 0.021680
0.080907, 0.020099
0.030138, 0.017824
0.080907, 0.041482
0.030138, -0.008691
-0.020631, -0.010758
-0.021437, 0.014025
-0.073012, 0.039043
-0.073012, 0.015300
-0.021437, 0.016092
-0.021437, 0.043409
-0.021437, -0.005765
-0.021437, -0.003337
-0.019020, -0.001016
0.080907, 0.004272
0.055925, 0.009324
0.030138, -0.090463
-0.021437, -0.033454
-0.021437, -0.078403
-0.021437, -0.073083
-0.073012, -0.015459
-0.021437, -0.007851
0.030138, 0.002856
-0.021437, 0.063046
0.030138, 0.070661
0.055925, 0.106289
0.080907, 0.089386
0.080907, 0.045961
0.055925, -0.048628
0.055925, -0.039323
0.030138, -0.032682
0.030138, -0.077476
-0.021437, -0.073685
-0.072207, -0.019797
-0.021437, -0.016753
0.030138, 0.010328
-0.021437, 0.037879
-0.021437, 0.086055
-0.072207, 0.082182
-0.072207, 0.074492
-0.073012, 0.068625
-0.021437, -0.091109
-0.021437, -0.121265
-0.073012, -0.060931
-0.073012, -0.072845
-0.021437, -0.029566
0.030138, 0.013389
-0.021437, 0.054779
-0.021437, 0.068871
0.030138, 0.035715
0.055925, -0.074895
0.055925, -0.082879
0.030138, 0.013681
-0.021437, 0.035518
0.030138, 0.007417
0.030138, 0.057373
-0.019020, 0.056729
0.030138, 0.006393
0.055925, 0.008585
0.080907, 0.035632
-0.021437, 0.012259
-0.112500, 0.012547
-0.073012, -0.088569
-0.021437, -0.033884
-0.099606, 0.018464
-0.021437, 0.042478
-0.020631, -0.035229
-0.073012, -0.039429
-0.073012, -0.044005
-0.021437, 0.001064
-0.021437, -0.056928
-0.021437, -0.013590
-0.099606, 0.028135
-0.099606, 0.043887
-0.073012, 0.009321
-0.021437, 0.025107
-0.020631, 0.016023
-0.019020, 0.006840
-0.073012, -0.002427
-0.099606, -0.009175
-0.073012, 0.013239
-0.021437, 0.064728
0.030138, 0.013430
0.055925, 0.016003
0.080907, -0.006393
0.030138, -0.026417
-0.021437, -0.122120
-0.021437, -0.035042
-0.073012, 0.014689
-0.021437, 0.040056
-0.070595, 0.028223
-0.021437, -0.009190
-0.021437, 0.055454
0.030138, 0.016355
0.080907, -0.021857
0.080907, -0.011976
0.080907, -0.055936
0.055925, -0.050305
0.080907, 0.006106
0.055925, 0.008252
-0.021437, 0.007147
-0.021437, 0.005028
0.030138, 0.005128
0.080907, 0.102432
0.055925, 0.069657
0.030138, 0.036420
0.030138, -0.023127
0.030138, -0.031305
0.080907, -0.037528
0.080907, -0.094476
0.055925, -0.049480
0.081713, -0.001379
0.106695, -0.054768
0.093801, -0.003516
0.080907, 0.022575
0.030138, 0.049324
0.030138, 0.050484
0.030138, 0.030041
0.080907, 0.036529
0.055925, 0.017306
0.080907, 0.022933
0.030138, -0.020217
0.055925, -0.064351
0.055925, -0.005346
0.055925, 0.052641
0.055925, 0.007870
0.030138, 0.012927
0.055925, -0.034734
0.080907, -0.030879
0.030138, -0.033657
0.055925, 0.013687
0.080907, 0.012526
0.080907, -0.043199
0.080907, -0.048128
0.030138, -0.001959
0.030138, 0.043769
-0.021437, -0.012936
-0.073012, -0.019377
-0.021437, 0.025178
0.055925, 0.045972
0.055925, 0.043420
0.030138, 0.014967
0.030138, -0.039471
0.030138, 0.012215
0.080907, 0.014093
0.080907, -0.032810
0.055925, 0.018520
0.080907, 0.049447
0.055925, 0.079978
0.080907, -0.015691
0.080907, -0.101176
0.055925, -0.055212
0.080907, 0.004303
0.080907, -0.064664
0.055925, 0.018920
0.055925, 0.025200
0.080907, -0.022129
0.106695, -0.016149
0.132482, 0.038061
0.106695, 0.040046
0.082519, 0.040919
0.132482, -0.036315
0.184057, -0.036903
0.184057, -0.012343
0.080907, 0.034887
0.030138, 0.029759
0.030138, 0.026879
0.055925, -0.031676
0.055925, -0.063216
0.055925, -0.040758
0.030138, 0.004877
-0.021437, 0.050426
-0.072207, 0.069930
0.030138, 0.090830
0.030138, 0.034947
-0.020631, -0.022147
0.030138, -0.025386
0.030138, -0.078887
-0.021437, -0.030987
-0.021437, -0.084915
-0.021437, -0.037118
0.055925, -0.038980
0.055925, 0.010203
0.030138, 0.057605
0.030138, 0.054020
0.080907, 0.051002
0.080907, 0.024708
0.055925, 0.046710
0.030138, 0.018459
0.055925, -0.061451
0.030138, -0.064443
-0.073012, -0.014753
-0.124588, 0.032954
-0.124588, 0.006224
-0.124588, -0.021764
-0.099606, -0.023739
-0.021437, -0.024218
-0.021437, 0.024462
-0.073012, 0.021413
-0.021437, -0.004065
-0.073012, 0.020174
-0.073012, 0.042918
-0.124588, 0.029927
-0.176163, 0.015900
-0.173745, -0.034703
-0.123782, -0.034196
-0.099606, -0.032980
-0.099606, 0.017653
-0.073012, -0.006810
-0.073012, 0.018614
-0.124588, -0.033561
-0.173745, -0.008006
-0.122170, -0.004998
-0.073012, -0.002316
-0.073012, -0.000031
-0.280119, -0.026028
-0.176163, -0.000189
-0.124588, 0.030905
-0.073818, -0.016240
-0.021437, 0.014308
-0.021437, 0.041672
-0.021437, 0.043323
-0.021437, 0.046147
0.030138, -0.000453
0.030138, 0.001983
-0.021437, -0.049537
-0.073012, -0.100457
-0.073012, -0.047841
-0.021437, 0.030486
-0.021437, 0.030380
-0.073012, 0.000590
-0.124588, -0.002996
-0.176968, -0.006464
-0.118947, 0.038869
0.030138, 0.036262
0.055925, 0.007533
-0.021437, 0.025897
-0.073012, -0.008151
-0.099606, 0.007211
-0.072207, -0.000303
0.030138, -0.028860
0.030138, -0.010211
0.030138, -0.015966
-0.021437, -0.044778
-0.073012, -0.049902
-0.099606, -0.028054
-0.092353, -0.001788
-0.073012, 0.025767
-0.021437, 0.003573
-0.073012, -0.017969
-0.021437, 0.035038
-0.021437, 0.093328
0.055925, 0.100631
0.030138, 0.005911
-0.021437, -0.038385
-0.021437, -0.031660
-0.021437, 0.001127
-0.020631, 0.008323
0.030138, 0.016202
-0.021437, -0.001744
-0.092353, -0.048535
-0.124588, -0.093910
-0.124588, 0.012728
-0.124588, 0.014969
-0.124588, -0.033510
-0.124588, 0.016876
-0.112500, 0.017795
-0.021437, -0.034799
-0.072207, -0.035074
-0.073012, -0.038514
-0.073012, 0.037882
-0.072207, 0.037351
0.030138, 0.011562
0.055925, 0.012955
0.055925, 0.062867
0.030138, 0.064038
0.030138, 0.041257
0.030138, 0.017842
-0.021437, 0.047118
-0.021437, 0.027060
-0.021437, -0.066813
-0.072207, -0.109707
-0.073012, -0.101052
-0.021437, -0.089708
-0.073012, -0.053517
-0.021437, 0.036136
-0.019020, 0.049641
0.030138, 0.008724
-0.021437, 0.071641
-0.021437, 0.029659
-0.021437, 0.039403
-0.019020, -0.004155
0.030138, -0.049775
0.080907, -0.041897
0.080907, 0.010762
0.080907, 0.036791
0.030138, 0.035736
-0.021437, 0.060051
-0.073012, 0.055489
-0.072207, -0.000700
0.030138, -0.053942
0.030138, -0.007353
-0.073012, 0.033426
-0.118947, 0.023864
-0.173745, -0.190923
-0.124588, -0.093290
-0.073012, -0.047697
-0.072207, -0.003216
-0.124588, 0.043344
-0.175357, 0.037477
-0.176968, 0.033713
-0.124588, 0.030574
-0.112500, 0.080591
-0.099606, 0.078315
-0.021437, 0.024643
0.055925, -0.026609
0.080907, -0.025130
-0.019020, 0.026177
-0.073012, 0.024011
-0.021437, -0.026834
-0.073012, -0.077570
-0.073012, -0.129966
-0.021437, -0.070187
-0.021437, 0.078734
-0.021437, 0.103948
0.030138, 0.025443
0.055925, -0.026777
0.030138, -0.055277
0.055925, -0.031197
0.030138, 0.069120
0.030138, 0.066153
-0.021437, 0.063189
-0.021437, 0.008077
0.080907, -0.044231
0.055925, -0.071004
0.080907, -0.065383
0.080907, -0.046087
0.055925, 0.003906
0.081713, -0.047034
0.106695, 0.007490
0.106695, 0.010658
0.055925, 0.088813
-0.021437, 0.063209
-0.073012, 0.013303
-0.073012, 0.017291
-0.021437, 0.022180
-0.072207, 0.027642
-0.021437, 0.081280
-0.112500, 0.033438
-0.112500, -0.038218
-0.099606, -0.065788
-0.073012, -0.062320
-0.072207, -0.061535
-0.073012, -0.060698
-0.021437, -0.059619
0.030138, -0.048255
0.080907, 0.041291
0.080907, -0.012525
0.055925, -0.016179
-0.021437, -0.020064
0.030138, -0.024195
0.030138, 0.074636
-0.021437, 0.095805
-0.021437, 0.091179
-0.021437, 0.061165
0.030138, 0.056197
0.080907, 0.053050
0.080907, -0.002281
0.080907, -0.008523
0.080907, -0.014540
0.080907, -0.070083
0.080907, -0.074888
0.030138, -0.027094
-0.073012, -0.081232
-0.072207, -0.030980
-0.195503, -0.030228
-0.073012, 0.019068
0.055925, -0.028367
0.055925, -0.026619
0.030138, -0.026544
0.030138, -0.023685
-0.021437, 0.027071
-0.072207, 0.080609
-0.021437, 0.085644
0.030138, 0.092048
-0.020631, 0.047213
0.030138, 0.001478
0.080907, -0.042460
0.055925, -0.036516
0.082519, 0.072346
0.081713, 0.080538
0.055925, -0.013936
0.080907, -0.057203
0.081713, -0.105478
0.106695, -0.049503
0.080907, 0.008369
-0.021437, 0.013911
-0.073012, -0.035435
-0.021437, -0.082319
-0.021437, -0.081006
0.055925, -0.026995
0.055925, -0.013732
0.030138, -0.004542
0.030138, 0.068189
0.106695, 0.139617
0.132482, 0.159157
0.132482, 0.050852
0.093801, -0.014118
0.081713, 0.024746
0.106695, -0.040129
0.081713, -0.053171
0.080907, -0.012479
0.080907, -0.022506
0.080907, -0.034915
0.030138, 0.004036
0.030138, 0.017966
0.055925, -0.016857
0.055925, 0.003617
0.030138, -0.027314
0.030138, -0.030783
0.080907, -0.083879
0.081713, -0.083968
0.106695, 0.019066
0.106695, -0.002106
0.087354, 0.027425
0.080907, 0.035350
0.080907, 0.017629
0.055925, 0.053056
0.055925, 0.087374
0.055925, 0.099334
0.080907, 0.059731
0.030138, -0.008414
-0.021437, -0.052334
-0.021437, -0.044082
0.030138, 0.014957
0.080907, -0.027957
0.080907, 0.027145
-0.021437, -0.064083
-0.021437, -0.066382
-0.021437, -0.054518
0.080907, -0.030738
0.106695, -0.033253
0.132482, -0.040768
0.080907, 0.002627
0.055925, 0.046752
0.081713, 0.089338
0.106695, 0.081102
0.106695, 0.048111
0.093801, -0.038071
0.080907, 0.007744
-0.021437, 0.002511
-0.072207, -0.054365
-0.021437, -0.056717
-0.021437, -0.057059
-0.021437, -0.005337
0.030138, 0.046410
0.030138, 0.048929
0.055925, 0.052071
0.030138, 0.055489
0.055925, 0.058320
0.080907, 0.064925
0.080907, 0.017916
0.081713, -0.080407
0.080907, -0.075629
0.030138, -0.194523
0.055925, -0.070160
0.030138, 0.060978
-0.099606, 0.060474
-0.122170, 0.032863
-0.099606, 0.033413
-0.021437, -0.017655
0.055925, -0.069074
0.081713, -0.020803
0.080907, 0.025721
0.030138, -0.031480
-0.021437, 0.011747
-0.021437, 0.055646
-0.021437, 0.027287
-0.021437, 0.050695
-0.021437, 0.044336
0.080907, 0.014169
-0.021437, 0.034653
0.030138, 0.030076
0.030138, 0.055242
-0.021437, 0.027212
-0.021437, -0.077478
-0.021437, -0.130797
-0.021437, -0.080926
-0.073012, -0.081226
-0.021437, -0.004225
-0.021437, -0.003654
-0.021437, -0.029542
-0.112500, -0.028843
-0.124588, 0.047658
-0.073012, 0.073246
-0.021437, 0.071328
-0.021437, 0.032200
0.030138, 0.017632
-0.021437, 0.039876
-0.021437, 0.011847
-0.021437, 0.009530
-0.021437, 0.006832
-0.021437, 0.005466
-0.021437, -0.045787
0.030138, -0.046960
0.030138, -0.020594
-0.021437, -0.021785
-0.021437, -0.047690
-0.021437, -0.046928
-0.021437, 0.004011
0.030138, 0.008987
0.081713, 0.037679
0.132482, 0.041248
0.106695, 0.025438
0.081713, 0.020605
0.080907, 0.023803
0.055925, 0.002691
0.080907, 0.006352
0.080907, 0.009814
0.055925, 0.035766
0.030138, -0.014685
0.030138, -0.066002
0.080907, -0.063243
0.080907, -0.011560
0.081713, 0.039769
0.087354, 0.038109
0.081713, -0.066175
0.080907, -0.067946
0.081713, -0.069265
0.080907, 0.031469
0.080907, 0.055034
0.030138, 0.079345
0.030138, 0.026597
-0.021437, 0.002315
-0.021437, 0.027660
-0.021437, 0.053911
0.030138, 0.053165
0.080907, 0.042449
0.080907, 0.031706
0.080907, -0.070442
0.055925, -0.120055
0.030138, -0.068228
0.030138, -0.065601
0.030138, -0.061435
0.030138, -0.006300
-0.021437, -0.003163
-0.021437, 0.025462
0.030138, 0.004030
0.030138, 0.034042
0.030138, 0.061824
0.055925, 0.062282
0.080907, 0.065732
0.055925, 0.063454
0.055925, 0.012980
0.055925, 0.042529
0.030138, 0.018587
0.055925, -0.110890
0.080907, -0.132001
0.055925, -0.109561
-0.021437, -0.033698
-0.021437, 0.042741
0.030138, 0.071287
0.030138, 0.070851
0.030138, 0.020224
0.080907, -0.028815
0.080907, -0.027225
0.055925, -0.026187
0.080907, -0.024055
0.132482, -0.021609
0.132482, 0.084015
0.132482, -0.015802
0.080907, 0.039290
-0.021437, 0.042050
-0.021437, -0.007721
-0.021437, -0.004820
0.030138, -0.000067
0.030138, 0.004374
0.080907, -0.042518
0.080907, 0.013911
0.080907, 0.016071
0.081713, 0.017789
0.080907, -0.070485
0.055925, -0.080505
0.080907, -0.027936
0.080907, 0.023707
0.080907, 0.021711
0.093801, 0.071904
0.106695, 0.017387
0.132482, 0.013573
0.106695, 0.008749
0.080907, 0.002746
-0.021437, -0.005023
0.030138, -0.013332
0.080907, 0.033273
0.080907, 0.026077
0.055925, -0.034204
0.081713, -0.043134
0.132482, -0.049527
0.082519, -0.056992
0.080907, -0.013490
0.055925, 0.031956
-0.021437, 0.075569
0.030138, 0.043786
0.030138, 0.015891
0.055925, 0.010610
0.080907, -0.016772
0.080907, 0.005794
0.055925, 0.004745
0.055925, -0.021464
0.030138, -0.048244
0.080907, -0.048377
0.081713, 0.005134
-0.021437, 0.006958
-0.021437, 0.010266
0.030138, 0.018495
-0.021437, 0.015762
-0.021437, 0.016324
-0.019020, 0.022582
-0.019020, 0.026258
-0.021437, 0.031056
-0.073012, -0.016715
-0.021437, -0.014484
-0.099606, -0.062074
-0.073012, -0.059923
-0.073012, -0.055511
-0.021437, -0.001702
-0.021437, 0.052331
0.030138, 0.052309
0.030138, 0.051824
0.055925, 0.026793
0.081713, 0.001595
0.080907, 0.000461
0.030138, -0.000162
0.030138, -0.001821
0.030138, -0.053395
0.030138, -0.054950
-0.021437, -0.004749
-0.072207, -0.006290
-0.021437, -0.006875
-0.073012, 0.018844
-0.099606, 0.042231
-0.099606, 0.015911
-0.122170, 0.015317
-0.073012, 0.015434
0.030138, -0.011757
0.030138, 0.012218
0.030138, 0.034271
0.055925, 0.008572
0.030138, -0.068581
-0.021437, -0.069663
-0.021437, -0.018896
-0.020631, -0.019601
0.030138, -0.021353
0.055925, 0.028867
0.055925, 0.027303
0.055925, 0.001016
-0.021437, 0.023073
-0.021437, 0.074829
0.030138, 0.073674
-0.021437, 0.073112
0.055925, 0.020833
0.080907, -0.081406
0.080907, -0.083106
0.081713, -0.084287
0.106695, -0.033028
0.106695, -0.034777
0.080907, 0.015325
0.080907, 0.014569
0.055925, 0.014795
0.055925, 0.013444
0.055925, 0.011126
0.030138, -0.014524
0.030138, 0.010821
0.080907, 0.010729
0.055925, 0.011935
0.080907, 0.023123
0.030138, 0.035156
0.055925, 0.059110
0.080907, 0.033246
0.081713, 0.006398
0.030138, -0.097906
-0.021437, -0.047683
-0.021437, 0.002896
0.055925, 0.002556
0.081713, -0.021936
0.081713, 0.003403
0.106695, 0.053924
0.106695, 0.005375
0.080907, 0.005461
0.030138, -0.016579
0.055925, -0.090891
0.080907, -0.035039
0.055925, -0.030515
0.055925, -0.000671
0.080907, 0.030521
0.055925, 0.037118
0.055925, 0.017823
0.055925, 0.024214
0.080907, 0.004588
0.080907, 0.063093
0.055925, 0.070324
0.030138, -0.027144
0.080907, -0.021115
0.055925, 0.036338
0.080907, -0.011552
0.080907, -0.007230
0.030138, -0.002798
0.030138, -0.001068
0.030138, -0.002877
0.030138, -0.054282
-0.021437, -0.004494
0.030138, -0.084801
-0.021437, -0.059612
-0.021437, -0.062702
-0.021437, -0.011612
-0.021437, -0.013483
-0.021437, 0.036431
-0.021437, 0.034583
-0.021437, 0.058449
-0.021437, 0.083151
-0.073012, 0.081541
-0.021437, 0.030928
-0.021437, 0.032147
-0.021437, 0.032044
0.030138, 0.034891
0.081713, -0.013286
0.080907, -0.061613
0.080907, -0.008668
0.055925, -0.057101
0.080907, -0.081639
0.030138, -0.079377
0.055925, -0.100714
0.030138, -0.050134
0.080907, 0.053213
0.080907, 0.054588
0.055925, 0.053025
0.055925, 0.074987
0.055925, 0.045005
0.030138, -0.010370
0.055925, -0.015229
0.055925, -0.020010
0.055925, 0.024821
0.055925, 0.044401
0.055925, 0.036791
0.030138, 0.029240
0.030138, -0.054521
0.080907, -0.060255
0.030138, -0.014313
0.055925, -0.072631
0.080907, -0.001610
0.030138, 0.017522
0.030138, 0.012020
0.055925, 0.011066
0.055925, 0.034060
0.030138, 0.033305
-0.021437, 0.007009
-0.021437, 0.007275
0.030138, -0.015473
-0.021437, -0.012762
-0.021437, -0.011923
0.030138, -0.033825
-0.021437, -0.030321
-0.073012, 0.022033
-0.021437, 0.000465
0.030138, 0.029834
0.080907, -0.017037
0.080907, 0.010869
0.080907, 0.036944
0.030138, 0.035844
-0.021437, -0.017334
0.030138, -0.068471
0.055925, -0.067772
0.055925, 0.007359
0.055925, 0.030536
0.030138, 0.029097
-0.021437, 0.050222
0.080907, 0.046988
0.080907, 0.020106
-0.021437, -0.037450
-0.021437, -0.015945
-0.124588, 0.006547
-0.099606, -0.021724
-0.020631, -0.020761
0.080907, 0.005185
0.080907, -0.019695
0.055925, -0.020346
0.080907, -0.020168
0.093801, 0.007723
0.106695, 0.011734
0.132482, -0.010716
0.106695, -0.033292
0.081713, 0.022996
0.082519, 0.003352
0.132482, 0.034858
0.132482, 0.042435
0.184057, -0.001582
0.106695, 0.006294
0.080907, 0.010091
0.080907, 0.018342
0.081713, -0.027933
0.106695, 0.029543
0.106695, -0.017080
0.093801, -0.012450
0.106695, -0.009458
0.093801, -0.006273
0.080907, -0.005305
0.030138, -0.005249
0.080907, -0.005920
0.080907, -0.006074
0.080907, -0.061963
0.080907, -0.014709
0.055925, -0.020009
0.080907, -0.025711
0.080907, 0.019749
0.030138, 0.062199
-0.073012, 0.053686
-0.073012, 0.045353
-0.021437, 0.013823
0.080907, 0.033290
0.080907, -0.023497
0.030138, -0.005124
0.030138, -0.034728
0.080907, 0.013581
0.055925, 0.011134
0.080907, -0.015660
0.106695, -0.015366
0.106695, -0.016118
0.080907, -0.041502
0.080907, -0.014512
0.080907, -0.010905
0.080907, -0.006438
0.080907, -0.001986
0.055925, 0.003176
0.055925, -0.019050
0.055925, -0.015046
0.055925, 0.041737
0.055925, -0.005465
0.055925, 0.025180
0.055925, 0.054911
0.081713, 0.007920
0.106695, 0.011069
0.080907, 0.039270
0.055925, 0.040456
0.081713, 0.015163
0.080907, -0.035612
0.080907, -0.036557
0.080907, 0.014041
0.093801, -0.038561
0.132482, -0.039908
0.106695, 0.009594
0.106695, -0.043231
0.106695, -0.096265
0.084130, -0.045319
0.132482, 0.004787
0.184057, 0.056270
0.184057, 0.057034
0.184057, 0.057585
0.132482, 0.006833
0.132482, -0.045510
0.106695, 0.006724
0.132482, 0.034749
0.132482, 0.038177
0.132482, 0.039748
0.132482, 0.016067
0.106695, -0.034157
0.132482, 0.068708
0.132482, 0.068065
0.132482, -0.035831
0.106695, -0.037257
0.106695, -0.143946
0.106695, -0.123173
0.132482, -0.048571
0.184057, 0.047337
0.184057, 0.040584
0.184057, 0.007019
0.132482, 0.023572
0.106695, 0.027029
0.132482, 0.031324
0.132482, 0.047912
0.081713, 0.014127
0.081713, -0.019278
0.106695, -0.024395
0.132482, 0.021047
0.132482, 0.016070
0.132482, 0.064041
0.132482, -0.015155
0.132482, -0.040565
0.132482, -0.040473
0.132482, -0.035982
0.106695, -0.007358
0.106695, -0.002594
0.081713, -0.008902
0.080907, 0.010979
0.080907, 0.006260
0.030138, 0.001337
-0.021437, -0.042262
-0.021437, 0.016833
-0.021437, 0.023611
0.030138, 0.031035
0.081713, 0.038151
0.080907, 0.017508
0.030138, 0.045272
-0.021437, 0.047478
0.030138, -0.002023
0.030138, -0.103876
0.055925, -0.106215
0.080907, -0.055752
0.080907, 0.042348
0.080907, 0.038360
0.055925, -0.017766
0.030138, -0.022452
0.055925, 0.024301
0.080907, -0.004628
0.030138, 0.015936
-0.021437, 0.037342
-0.019020, 0.033784
0.055925, 0.007126
0.055925, 0.007051
0.030138, 0.005675
0.080907, 0.005670
0.080907, 0.007153
0.055925, -0.017874
0.030138, -0.017875
0.055925, -0.015434
0.080907, -0.013950
0.030138, -0.013316
0.030138, -0.012534
0.030138, -0.012370
-0.073012, 0.011824
-0.073012, 0.034868
-0.072207, 0.008766
-0.021437, -0.018370
-0.021437, 0.004149
-0.099606, -0.002581
-0.073012, -0.007043
-0.021437, -0.011218
0.030138, -0.004062
0.055925, 0.030182
0.030138, -0.002007
0.030138, -0.010277
0.080907, -0.015604
0.080907, -0.042184
0.080907, 0.002294
0.030138, 0.050209
0.055925, 0.047035
0.080907, 0.045653
0.080907, -0.008778
0.081713, -0.009413
0.132482, -0.034121
0.132482, -0.006742
0.132482, -0.005960
0.132482, -0.004172
0.132482, -0.004122
0.106695, -0.027115
0.081713, 0.001850
0.080907, 0.001965
0.055925, 0.003636
0.055925, -0.023283
0.080907, -0.023314
0.030138, -0.022812
-0.073012, 0.003237
-0.021437, 0.054824
0.030138, 0.055637
0.030138, 0.055033
0.080907, 0.002618
0.080907, -0.023724
0.080907, 0.000961
0.055925, -0.000225
0.030138, -0.052648
0.030138, -0.053446
0.055925, -0.026447
0.055925, 0.001192
0.055925, 0.004986
0.030138, 0.007830
0.030138, 0.010966
-0.019020, 0.016084
0.055925, 0.021889
0.055925, 0.030792
0.055925, 0.012252
0.055925, 0.020223
0.080907, 0.003957
0.080907, 0.011832
0.080907, 0.020067
0.030138, -0.024397
0.030138, -0.068986
0.030138, -0.061490
0.030138, -0.055789
0.030138, 0.000849
0.030138, 0.055417
0.055925, 0.057256
0.080907, 0.008316
0.030138, -0.043906
-0.021437, 0.002662
-0.073012, -0.001911
-0.021437, 0.020023
0.055925, 0.044197
0.055925, 0.041198
0.055925, 0.035033
0.080907, 0.004388
0.055925, -0.025026
0.055925, -0.004058
0.080907, 0.018215
0.030138, -0.034070
0.030138, -0.086844
0.030138, -0.083623
0.030138, -0.006852
0.030138, -0.003298
0.080907, -0.024052
-0.021437, 0.032969
-0.021437, 0.037732
-0.021437, 0.021474
-0.073012, 0.003703
-0.099606, 0.037602
-0.021437, 0.071975
0.030138, 0.031227
-0.021437, 0.038374
-0.021437, 0.044011
-0.073012, -0.052994
-0.073012, -0.049878
-0.073012, -0.047078
-0.118947, 0.003951
-0.112500, 0.002110
-0.124588, -0.078993
-0.173745, -0.058139
-0.124588, -0.013752
-0.073012, 0.031786
-0.021437, 0.048324
-0.021437, 0.011781
-0.073012, -0.000451
-0.092353, 0.036925
-0.073012, 0.025610
-0.072207, 0.016089
-0.073012, -0.044669
-0.073012, -0.027367
-0.073012, -0.010897
-0.170522, -0.017726
-0.122170, -0.022979
-0.021437, 0.027578
0.030138, 0.028050
0.030138, 0.028637
-0.021437, 0.030351
-0.073012, 0.032368
-0.112500, 0.011376
-0.021437, -0.006810
-0.021437, 0.001203
-0.021437, -0.017712
-0.021437, -0.010461
-0.176968, 0.020464
-0.173745, -0.025561
-0.118947, -0.119423
-0.073012, -0.060950
-0.019020, -0.003714
-0.021437, -0.000624
-0.021437, 0.050585
-0.021437, 0.051323
-0.099606, 0.050869
-0.099606, 0.022692
-0.099606, -0.005020
-0.124588, -0.007766
-0.124588, 0.015378
-0.124588, 0.012744
-0.124588, 0.009774
-0.124588, -0.018718
-0.124588, -0.021005
-0.073012, -0.071664
-0.021437, 0.003362
0.030138, 0.002898
0.055925, 0.003355
0.055925, 0.003481
0.030138, 0.029073
-0.019020, 0.030555
0.055925, 0.032568
0.080907, -0.015154
0.080907, -0.013227
0.080907, -0.011088
0.080907, -0.008238
0.080907, -0.004703
0.055925, -0.002039
-0.021437, 0.024451
0.030138, 0.048542
0.080907, 0.000482
0.106695, -0.050643
0.106695, -0.102622
0.093801, -0.051900
0.093801, 0.024033
0.084130, 0.022647
0.106695, 0.020861
0.081713, 0.043876
0.081713, 0.017039
0.106695, 0.017594
0.106695, 0.042477
0.106695, -0.009016
0.081713, -0.008745
0.106695, -0.005557
0.106695, -0.000605
0.082519, 0.002977
0.106695, 0.060101
0.106695, -0.034210
0.030138, -0.027043
-0.021437, -0.020129
-0.021437, -0.062085
-0.021437, -0.076978
-0.021437, 0.011433
-0.021437, 0.073214
-0.021437, 0.032828
-0.021437, 0.040977
-0.021437, -0.002375
0.030138, 0.005461
0.055925, 0.013701
0.055925, -0.025885
0.055925, -0.016912
-0.021437, -0.027412
-0.021437, -0.075760
-0.021437, -0.024807
-0.021437, 0.026676
-0.021437, 0.076172
-0.021437, 0.072394
-0.021437, 0.017547
-0.021437, -0.006356
0.030138, 0.008371
0.030138, 0.003127
0.030138, -0.004361
-0.021437, -0.010060
-0.073012, -0.016357
-0.099606, -0.119370
-0.073012, -0.073825
-0.021437, 0.025406
-0.021437, 0.075709
-0.021437, 0.074472
-0.072207, 0.023022
-0.072207, -0.028142
-0.021437, -0.065090
0.030138, 0.030095
0.030138, 0.033926
0.030138, 0.037521
0.080907, 0.043174
0.055925, -0.106651
-0.021437, -0.102061
0.080907, -0.043173
0.055925, 0.010247
0.030138, 0.066723
-0.112500, 0.067847
-0.173745, 0.068927
-0.112500, 0.072273
-0.099606, -0.003476
-0.073012, -0.004164
0.030138, -0.005110
0.030138, -0.031598
0.055925, -0.036751
0.030138, -0.042047
-0.021437, -0.050671
-0.122170, -0.059431
-0.124588, -0.070644
-0.118947, -0.026841
-0.073012, 0.015530
-0.072207, 0.057381
-0.021437, 0.071936
-0.021437, 0.061925
-0.021437, 0.024450
-0.073012, -0.035669
-0.021437, 0.027191
-0.073012, 0.042242
-0.073012, 0.031076
-0.073012, 0.022464
-0.073012, 0.013970
-0.118947, 0.006170
-0.124588, -0.025821
-0.112500, -0.107231
-0.021437, -0.059708
-0.021437, -0.012203
-0.021437, 0.008206
-0.073012, 0.005481
-0.112500, -0.008197
-0.073012, -0.007446
-0.073012, -0.015525
-0.099606, 0.008884
-0.112500, -0.014017
-0.124588, -0.011294
-0.176968, 0.017939
-0.227738, 0.020838
-0.227738, 0.025182
-0.225320, 0.005814
-0.215650, 0.036605
-0.124588, 0.042401
-0.173745, 0.026344
-0.170522, 0.053440
-0.112500, 0.058998
-0.099606, -0.011467
-0.123782, -0.059114
-0.099606, -0.056010
-0.122170, -0.050657
-0.124588, -0.044923
-0.112500, -0.040572
-0.073012, -0.035767
-0.099606, -0.032106
-0.099606, -0.029424
-0.124588, 0.026285
-0.124588, 0.054410
-0.170522, 0.057447
-0.189862, 0.060089
-0.123782, -0.014906
-0.099606, -0.010932
-0.099606, -0.007888
-0.099606, -0.004511
-0.124588, -0.001703
-0.124588, -0.000640
-0.099606, 0.000546
-0.124588, 0.002051
-0.124588, 0.053995
-0.021437, 0.055310
0.030138, 0.056541
0.030138, 0.004603
0.030138, -0.050698
0.030138, -0.080157
-0.073012, -0.055043
-0.099606, -0.005719
-0.099606, -0.006253
-0.118947, -0.008564
-0.118947, -0.062047
-0.073012, -0.065147
-0.073012, -0.014429
-0.099606, 0.036001
-0.073012, 0.034735
-0.021437, 0.036373
-0.021437, 0.085121
-0.021437, 0.058434
-0.021437, -0.017669
-0.021437, 0.086772
-0.021437, 0.065336
-0.073012, 0.042863
-0.072207, -0.096721
-0.021437, -0.152172
-0.021437, -0.086863
-0.073012, -0.070666
-0.124588, -0.040289
-0.222097, 0.066155
-0.124588, 0.070068
-0.124588, 0.102151
-0.122170, 0.078851
-0.122170, 0.030363
-0.073012, -0.068513
-0.021437, -0.068090
-0.118947, -0.061204
-0.099606, -0.015520
-0.099606, -0.012609
-0.092353, 0.037996
-0.073012, 0.038038
-0.073012, 0.036025
0.030138, -0.015265
0.080907, 0.038268
-0.021437, -0.014377
-0.073012, -0.016290
-0.073012, -0.015175
-0.021437, -0.012773
-0.072207, -0.055442
-0.099606, -0.060837
-0.124588, -0.044821
-0.124588, 0.051960
-0.124588, 0.058905
-0.124588, 0.065911
-0.124588, 0.021347
-0.073012, -0.010295
0.030138, 0.037669
0.055925, 0.046484
0.030138, 0.025863
0.030138, 0.018400
0.030138, 0.012673
0.030138, -0.034452
-0.021437, -0.080797
-0.073012, -0.078698
-0.021437, -0.073193
-0.021437, -0.060024
-0.073012, 0.030822
-0.021437, -0.018336
-0.019020, -0.013968
-0.021437, 0.041262
-0.099606, 0.050057
-0.118947, 0.021299
-0.099606, 0.042719
-0.073012, 0.017115
-0.073012, 0.011238
-0.073012, 0.019225
-0.021437, 0.055229
-0.021437, 0.025133
-0.021437, 0.021557
-0.021437, -0.005942
-0.021437, -0.009071
-0.021437, -0.057322
0.030138, -0.080469
0.055925, -0.017131
0.030138, 0.003519
0.030138, -0.000365
0.030138, -0.003575
0.030138, -0.032181
0.030138, -0.035693
-0.021437, -0.015161
-0.021437, -0.043716
-0.021437, -0.046543
-0.021437, 0.053325
-0.021437, 0.100878
-0.020631, 0.096173
0.080907, 0.092050
-0.021437, 0.088814
-0.021437, -0.019118
-0.021437, -0.047277
-0.021437, -0.049484
0.030138, -0.070987
0.055925, -0.072269
0.055925, -0.027006
0.030138, -0.026476
0.055925, -0.052297
0.055925, -0.024204
-0.021437, 0.029322
-0.021437, 0.031726
-0.020631, 0.033356
0.030138, 0.038425
0.030138, 0.043372
-0.021437, 0.046906
-0.073012, -0.003705
-0.072207, -0.002201
-0.021437, 0.052733
-0.072207, 0.056606
-0.073012, 0.006318
-0.073012, -0.040294
-0.021437, -0.134624
0.030138, -0.033273
0.055925, -0.031329
0.080907, -0.028171
0.080907, -0.030040
0.030138, 0.017030
0.055925, 0.066328
0.080907, -0.031123
0.080907, -0.013811
0.080907, -0.015329
0.055925, -0.010457
0.080907, 0.006628
0.055925, 0.002952
0.030138, 0.103210
0.030138, 0.150403
0.080907, 0.045088
0.080907, -0.009140
0.030138, -0.012865
0.055925, 0.034148
0.030138, -0.019667
-0.021437, -0.051759
-0.021437, -0.078374
-0.021437, -0.079643
-0.021437, -0.081224
-0.021437, -0.083241
-0.021437, -0.085988
-0.092353, -0.035784
-0.073012, 0.066138
-0.072207, 0.092146
-0.021437, 0.065939
-0.099606, 0.066348
-0.124588, 0.064329
-0.176163, 0.063695
-0.124588, 0.011843
-0.099606, -0.037545
-0.099606, 0.013912
-0.124588, 0.016257
-0.099606, -0.034737
-0.073012, 0.017709
0.030138, 0.022258
0.055925, 0.022532
0.080907, -0.056486
0.030138, -0.075842
0.030138, -0.058305
0.055925, -0.032147
0.055925, -0.033280
0.080907, -0.033883
-0.021437, 0.015437
-0.072207, 0.011424
-0.021437, 0.009191
0.030138, 0.007869
0.030138, 0.004459
-0.021437, -0.001080
-0.021437, 0.046421
-0.021437, 0.069383
-0.073012, 0.039289
-0.021437, 0.035020
-0.021437, 0.031713
-0.073012, 0.026279
-0.021437, 0.022370
-0.073012, -0.032398
-0.021437, -0.037841
-0.073012, -0.038825
-0.073012, -0.041063
-0.073012, -0.041605
-0.073012, -0.041983
-0.021437, 0.060426
0.055925, -0.041942
0.080907, -0.041875
0.080907, -0.041469
0.080907, -0.040573
0.080907, 0.012413
0.030138, 0.041131
0.055925, 0.044425
0.080907, 0.022937
0.030138, 0.052482
-0.021437, 0.056815
0.030138, -0.015369
0.080907, -0.009266
0.055925, -0.004038
-0.019020, 0.049222
-0.021437, 0.051820
-0.021437, 0.002315
-0.021437, -0.048832
-0.021437, -0.047243
-0.020631, 0.003099
0.080907, -0.050313
0.080907, -0.054239
0.080907, -0.063820
-0.019020, -0.019333
-0.021437, 0.023029
-0.073012, 0.040573
-0.021437, 0.055560
-0.021437, 0.047534
-0.020631, -0.011209
-0.020631, 0.004425
-0.021437, 0.020506
-0.021437, 0.013162
-0.092353, 0.006583
-0.118947, -0.023284
-0.099606, -0.000459
-0.073012, -0.023487
-0.021437, -0.043714
-0.021437, -0.038997
-0.072207, 0.016714
-0.021437, 0.024511
-0.073012, -0.013376
-0.021437, 0.023854
-0.073012, 0.012314
-0.073012, -0.026563
-0.021437, -0.010892
-0.021437, 0.004440
-0.021437, 0.018223
-0.073012, 0.030874
-0.073012, 0.042058
-0.099606, -0.016420
-0.073012, 0.012654
-0.021437, 0.020733
-0.021437, 0.075719
-0.021437, -0.001632
-0.021437, -0.027661
-0.021437, -0.083441
-0.021437, -0.039527
-0.021437, -0.022417
-0.021437, -0.031212
-0.072207, -0.068414
-0.021437, -0.054692
0.030138, -0.037836
0.080907, 0.055049
0.030138, 0.068970
0.055925, 0.081984
0.055925, 0.023315
-0.021437, 0.016063
-0.021437, 0.036288
-0.021437, 0.033834
-0.021437, 0.058949
-0.021437, -0.041505
0.030138, -0.088722
0.055925, -0.032446
0.030138, 0.024701
0.030138, 0.030467
-0.021437, -0.013434
-0.021437, -0.005675
-0.021437, 0.002095
0.030138, -0.042554
0.030138, 0.015675
0.030138, 0.019612
0.080907, -0.028231
0.030138, 0.024090
-0.021437, -0.029929
0.030138, 0.019476
0.030138, -0.035075
-0.019020, -0.040992
-0.021437, -0.049216
-0.021437, -0.054081
-0.021437, -0.011649
-0.021437, 0.056215
0.030138, 0.072479
-0.021437, 0.063570
-0.021437, 0.054606
-0.021437, 0.048380
-0.021437, -0.008363
0.030138, 0.012268
0.055925, 0.034473
0.030138, -0.018088
0.030138, -0.072344
0.030138, -0.020580
0.030138, 0.031603
-0.021437, 0.010308
-0.048031, -0.060279
-0.021437, -0.057268
-0.020631, -0.051486
0.030138, -0.045633
0.055925, -0.036768
0.055925, -0.029788
0.055925, 0.077814
0.030138, 0.083500
0.030138, 0.089466
0.030138, -0.003586
0.030138, -0.000075
0.030138, -0.046240
0.055925, 0.010463
0.030138, 0.013482
-0.021437, 0.016377
0.030138, 0.019560
0.055925, 0.022519
0.055925, 0.024636
0.080907, -0.045240
0.055925, -0.069981
0.055925, -0.050143
0.080907, -0.022635
0.093801, 0.029651
0.081713, 0.031064
0.080907, -0.018275
0.055925, 0.032342
0.055925, -0.018641
0.080907, 0.034188
0.081713, -0.017599
0.106695, -0.017908
0.132482, 0.033870
0.081713, 0.033102
0.030138, 0.030794
-0.021437, -0.021927
-0.021437, -0.025047
-0.021437, -0.053079
-0.021437, -0.029152
-0.021437, 0.021280
-0.021437, 0.017457
-0.021437, 0.013457
-0.021437, 0.008018
-0.073012, 0.003528
-0.073012, -0.001078
-0.073012, -0.004758
-0.073012, -0.010067
0.030138, -0.064665
0.080907, -0.017083
0.080907, 0.031380
0.030138, 0.078169
-0.099606, 0.023186
-0.112500, 0.043992
-0.176163, 0.041597
-0.122170, -0.037530
-0.073012, -0.037139
-0.099606, -0.036961
-0.124588, -0.039305
-0.189862, -0.041982
-0.280119, 0.008401
-0.280119, 0.035303
-0.202756, 0.012830
-0.112500, 0.015247
-0.073012, -0.034478
-0.021437, -0.032601
-0.021437, -0.032225
-0.021437, 0.020147
-0.021437, 0.022140
-0.124588, 0.021212
-0.099606, 0.072825
0.030138, 0.024280
0.030138, -0.024153
-0.021437, 0.026131
-0.021437, 0.025329
-0.021437, -0.023514
-0.021437, -0.026457
0.055925, -0.025996
0.055925, -0.023875
0.080907, -0.023780
0.030138, 0.027908
-0.021437, -0.025306
-0.073012, -0.025498
-0.021437, -0.026413
0.030138, -0.025088
0.030138, 0.027475
-0.020631, 0.052277
-0.021437, 0.024009
-0.099606, 0.023626
-0.112500, 0.023369
-0.118947, 0.024325
-0.124588, -0.028992
-0.099606, -0.056701
-0.073012, -0.030777
-0.072207, -0.031592
-0.073012, 0.017032
-0.021437, 0.039767
-0.021437, 0.039281
-0.021437, 0.036257
-0.021437, 0.008061
-0.021437, 0.002636
0.030138, -0.001422
0.030138, -0.006446
-0.021437, -0.011432
-0.073012, 0.009252
-0.073012, -0.020965
-0.073012, -0.075777
-0.021437, -0.027330
-0.021437, -0.003239
-0.021437, -0.007188
-0.099606, 0.014112
-0.124588, -0.013828
-0.170522, -0.014322
-0.124588, 0.011367
-0.118947, 0.027226
-0.073012, 0.015156
-0.073012, 0.017840
-0.073012, -0.006359
-0.021437, -0.002671
-0.073012, 0.025100
-0.073012, 0.027008
-0.073012, 0.056691
-0.073012, 0.086293
-0.021437, 0.040244
-0.021437, -0.007521
-0.021437, -0.055732
-0.021437, -0.052124
-0.099606, -0.048451
-0.099606, -0.043621
-0.021437, -0.036494
0.030138, -0.029069
0.030138, -0.022416
0.030138, -0.015769
-0.021437, -0.059945
0.030138, -0.052160
-0.021437, -0.041801
-0.073012, -0.034893
-0.021437, 0.078769
-0.021437, 0.141863
0.030138, 0.154232
0.030138, 0.114621
-0.021437, -0.005551
-0.021437, -0.008406
-0.021437, -0.063847
-0.073012, -0.002979
-0.073012, 0.051793
-0.021437, 0.030744
-0.021437, 0.008943
-0.021437, -0.055342
-0.099606, -0.146100
-0.124588, -0.150705
-0.124588, -0.077680
-0.099606, 0.005119
-0.073012, 0.036137
-0.073012, 0.077074
-0.118947, 0.065742
-0.073012, 0.053538
-0.073012, 0.041440
-0.021437, -0.073559
-0.112500, -0.060647
-0.099606, 0.054189
-0.073012, 0.045158
-0.021437, -0.014474
-0.124588, -0.022784
-0.124588, -0.030785
-0.118947, -0.033576
-0.073012, 0.042427
-0.021437, 0.043219
-0.019020, 0.071737
0.030138, 0.024090
-0.021437, -0.022594
-0.021437, -0.069313
-0.073012, -0.010935
-0.112500, 0.047713
-0.122170, 0.056627
-0.176968, 0.013488
-0.124588, 0.019806
-0.176968, -0.050706
-0.124588, -0.058498
-0.225320, -0.060345
-0.215650, -0.065939
-0.176163, -0.037623
-0.189862, -0.010666
-0.124588, -0.010107
-0.073012, -0.010623
-0.021437, 0.038769
-0.073012, 0.035615
-0.021437, 0.030562
-0.021437, 0.027760
-0.021437, 0.023559
-0.099606, 0.071825
-0.124588, 0.068198
-0.124588, 0.016445
-0.124588, -0.034629
-0.092353, -0.034513
-0.021437, -0.031282
0.030138, 0.025179
0.030138, 0.029118
-0.021437, 0.033510
-0.099606, -0.040905
-0.073012, -0.061174
-0.021437, -0.099877
-0.073012, -0.047932
-0.124588, -0.038948
-0.215650, 0.010365
-0.202756, 0.012299
-0.176968, 0.014961
-0.124588, 0.067841
-0.118947, 0.015831
-0.118947, 0.012828
-0.099606, 0.009625
-0.124588, 0.003757
-0.124588, 0.047086
-0.112500, 0.038091
-0.124588, 0.028754
-0.112500, 0.019100
-0.099606, -0.068250
-0.021437, -0.077065
-0.021437, -0.006674
-0.021437, 0.036098
-0.073012, 0.029420
-0.072207, 0.022444
-0.021437, -0.032574
-0.073012, 0.017380
-0.021437, -0.035892
0.030138, -0.082912
0.055925, -0.025722
0.055925, -0.019597
0.030138, 0.038857
0.055925, 0.044227
-0.021437, 0.000824
-0.124588, 0.006628
-0.189862, 0.015179
-0.175357, -0.025119
-0.124588, -0.014139
-0.124588, 0.046840
-0.123782, 0.053631
-0.073012, 0.058234
-0.021437, -0.015880
-0.099606, -0.038050
-0.112500, -0.036717
-0.073012, -0.010035
-0.099606, 0.016934
-0.124588, 0.014477
-0.176968, -0.035038
-0.124588, 0.007600
-0.124588, 0.002843
-0.122170, 0.047825
-0.073012, -0.045385
-0.021437, -0.034395
-0.073012, -0.012014
-0.021437, 0.035693
-0.021437, -0.067644
0.030138, -0.068754
0.080907, -0.059424
0.080907, -0.010249
0.055925, 0.045816
-0.021437, 0.052686
-0.021437, 0.107000
0.030138, 0.062481
-0.021437, 0.071003
-0.099606, 0.027421
-0.099606, -0.003080
-0.099606, -0.004642
-0.073012, -0.051547
-0.021437, 0.006647
-0.021437, -0.041554
-0.072207, 0.012494
-0.021437, -0.088241
-0.073012, -0.078848
-0.124588, -0.043379
-0.170522, -0.061787
-0.118947, -0.002956
-0.073012, 0.043461
-0.021437, 0.087409
-0.021437, 0.026908
-0.021437, 0.068353
-0.021437, 0.058344
-0.073012, 0.049686
-0.124588, -0.036740
-0.124588, -0.068789
-0.124588, -0.074430
-0.073012, -0.077481
-0.021437, -0.045774
-0.021437, 0.027120
0.055925, 0.081928
0.055925, 0.088470
0.030138, 0.041283
0.030138, -0.029896
0.055925, 0.004423
0.055925, 0.066129
0.055925, 0.024082
0.030138, -0.017322
-0.124588, -0.100113
-0.112500, -0.081244
-0.021437, -0.045187
-0.072207, 0.012581
-0.073012, 0.019315
-0.021437, 0.020592
0.055925, 0.038386
0.080907, 0.010264
0.080907, 0.003263
0.080907, 0.005824
0.055925, -0.016911
0.080907, -0.018547
0.080907, -0.019507
0.080907, 0.045479
0.080907, 0.033627
0.080907, 0.021420
0.080907, -0.040732
0.081713, -0.050645
0.106695, -0.006533
0.080907, -0.063094
0.030138, -0.016767
0.080907, 0.035039
0.080907, 0.064497
0.080907, 0.069921
0.080907, 0.052575
0.080907, 0.087110
-0.021437, 0.019786
-0.021437, -0.072203
0.030138, -0.124041
0.030138, -0.096844
0.055925, -0.033078
0.055925, -0.021083
0.080907, -0.009976
0.080907, 0.047965
0.080907, 0.103761
0.080907, 0.028074
0.080907, 0.015606
0.080907, 0.053276
0.080907, 0.022648
0.081713, -0.010446
0.132482, -0.070978
0.184057, -0.028575
0.184057, -0.038764
0.106695, -0.051189
0.055925, -0.016919
0.055925, 0.021823
0.030138, -0.039471
-0.021437, -0.000248
-0.021437, -0.010384
-0.021437, 0.034277
-0.021437, 0.080280
0.055925, 0.079338
0.080907, 0.055101
0.030138, -0.019884
-0.021437, -0.017618
-0.020631, 0.039431
0.030138, -0.004541
-0.021437, -0.075010
-0.021437, -0.066942
-0.021437, -0.058585
0.055925, -0.021394
0.080907, 0.039125
0.080907, 0.047730
0.080907, 0.002173
0.106695, 0.057112
0.080907, 0.010014
0.055925, -0.040800
0.030138, -0.085807
0.030138, -0.034505
0.030138, 0.011385
0.055925, 0.059155
0.055925, 0.055851
0.055925, 0.050772
0.030138, 0.045508
0.030138, -0.013667
-0.021437, -0.072792
0.030138, -0.079999
0.080907, -0.085061
0.055925, -0.039496
-0.021437, 0.006437
-0.073012, 0.002023
-0.021437, 0.076632
0.030138, 0.074875
0.030138, 0.044941
0.030138, 0.041294
0.055925, 0.066098
0.055925, 0.063791
-0.021437, 0.060071
-0.021437, 0.028404
-0.021437, -0.129583
0.030138, -0.120951
0.055925, -0.032133
-0.021437, -0.087467
-0.021437, -0.094453
0.080907, -0.046197
0.087354, 0.026878
0.106695, 0.045189
0.080907, 0.039788
0.055925, 0.033014
0.030138, 0.002563
0.030138, 0.022205
-0.021437, 0.019441
-0.021437, 0.016066
-0.021437, 0.014652
-0.021437, 0.012366
-0.021437, 0.010591
-0.021437, 0.012275
-0.021437, 0.036745
0.030138, 0.012086
0.030138, -0.035835
0.030138, 0.016641
0.030138, 0.018853
0.055925, 0.019894
0.030138, 0.022128
0.055925, 0.022215
0.030138, -0.081175
-0.019020, -0.084642
0.055925, -0.035136
0.055925, -0.034924
0.055925, -0.011927
0.055925, -0.014776
0.055925, 0.007501
-0.021437, 0.006017
0.030138, 0.002189
0.080907, 0.000704
0.030138, -0.000454
-0.072207, -0.003208
-0.021437, -0.004112
-0.021437, -0.002494
0.030138, 0.050001
0.030138, 0.105225
-0.021437, 0.107494
-0.021437, 0.033937
0.030138, -0.009400
0.080907, -0.003628
0.081713, -0.022714
0.080907, -0.068643
0.055925, -0.062381
0.080907, -0.055554
0.055925, -0.049127
0.055925, 0.032718
0.030138, 0.060536
0.030138, 0.011222
0.080907, -0.036998
0.080907, -0.034767
0.055925, 0.013156
-0.021437, -0.041614
-0.021437, -0.045397
-0.020631, -0.047916
0.055925, 0.027070
0.030138, 0.050098
0.030138, 0.043866
0.030138, 0.041149
0.080907, 0.063418
0.055925, 0.034343
0.030138, 0.004269
0.030138, -0.023278
0.030138, -0.023296
0.030138, -0.021809
-0.021437, 0.005575
-0.021437, 0.007300
-0.021437, 0.011344
0.030138, -0.010814
0.055925, -0.007168
0.030138, -0.055531
-0.020631, -0.001368
0.030138, 0.053171
-0.021437, 0.033784
-0.021437, -0.041751
-0.021437, -0.088705
-0.021437, -0.034143
-0.073012, 0.018624
-0.021437, 0.018896
-0.021437, 0.020848
-0.021437, 0.046123
-0.021437, 0.045363
0.030138, -0.032425
-0.021437, -0.036509
-0.099606, -0.042420
-0.124588, 0.007680
-0.099606, 0.031419
-0.073012, -0.047980
-0.020631, -0.049132
0.030138, 0.053897
0.030138, 0.060490
0.055925, 0.079065
0.080907, 0.053789
0.081713, 0.028375
0.081713, 0.003013
0.080907, 0.003881
0.030138, -0.047024
-0.021437, -0.046762
0.030138, -0.045269
0.030138, -0.042601
0.030138, -0.041852
-0.021437, -0.040357
-0.021437, -0.039792
-0.099606, 0.011289
-0.124588, 0.011089
-0.124588, 0.012412
-0.122170, 0.013091
-0.112500, 0.039065
-0.021437, 0.014559
-0.021437, 0.039407
-0.021437, 0.010492
-0.021437, -0.039187
0.030138, 0.034606
0.030138, 0.034286
0.030138, 0.032311
0.030138, 0.031353
0.055925, 0.030321
-0.021437, -0.048320
-0.020631, 0.000921
0.055925, 0.052033
-0.021437, 0.000902
0.030138, -0.103474
0.030138, -0.052137
0.030138, -0.052797
-0.073012, -0.000810
-0.073012, -0.001273
-0.073012, -0.052324
-0.124588, -0.053813
-0.112500, -0.002859
-0.099606, 0.048635
-0.073012, 0.048489
-0.021437, 0.047415
-0.073012, 0.021948
-0.124588, 0.044099
-0.124588, 0.019110
-0.124588, 0.020149
-0.124588, -0.006414
-0.176968, -0.008391
-0.099606, 0.040369
-0.073012, 0.042247
-0.073012, 0.015208
-0.099606, -0.063899
-0.073012, -0.065969
-0.021437, -0.064235
-0.073012, 0.012736
-0.021437, -0.013758
-0.073012, -0.012763
-0.021437, -0.012301
-0.021437, 0.041148
-0.073012, 0.016889
-0.112500, -0.007721
-0.118947, -0.004752
-0.073818, -0.000445
-0.099606, 0.005201
-0.073012, -0.041553
-0.073012, -0.034888
-0.073012, -0.029691
-0.021437, 0.028701
-0.048031, 0.060007
-0.124588, 0.038960
-0.124588, -0.005436
-0.070595, 0.052337
-0.021437, 0.005706
-0.118947, 0.007484
-0.124588, 0.008414
-0.124588, 0.012165
-0.173745, -0.038484
-0.124588, 0.012652
-0.124588, 0.012906
-0.112500, 0.011089
-0.073012, 0.007100
-0.021437, 0.054527
-0.021437, -0.002151
-0.073012, -0.086205
-0.021437, -0.115964
-0.021437, -0.096210
-0.020631, -0.076760
0.080907, -0.026754
0.055925, 0.022055
0.030138, 0.018497
0.030138, 0.042622
-0.072207, 0.066489
-0.020631, 0.066544
0.030138, 0.070914
0.055925, 0.072701
0.030138, 0.025344
-0.020631, -0.022670
0.030138, 0.033782
0.030138, 0.040148
0.030138, 0.045036
0.030138, -0.001839
0.080907, 0.003705
0.030138, -0.069931
-0.021437, -0.093387
0.030138, -0.091612
0.080907, -0.086378
0.055925, -0.077475
-0.021437, 0.011030
-0.021437, 0.007823
-0.073012, 0.003135
-0.021437, -0.000584
0.030138, 0.048674
-0.021437, 0.044140
-0.099606, 0.038144
-0.099606, 0.034475
-0.099606, 0.056543
-0.124588, -0.022884
-0.073012, -0.021149
0.030138, 0.058455
0.081713, -0.017832
0.093801, 0.037140
0.106695, 0.041599
0.132482, 0.048578
0.081713, -0.046538
0.080907, -0.039740
0.055925, -0.030843
0.030138, -0.072811
0.030138, -0.049475
0.055925, -0.025806
0.080907, 0.011142
0.081713, 0.070800
0.081713, 0.026761
-0.021437, -0.019823
-0.073012, -0.017217
-0.021437, -0.014166
0.055925, -0.012091
-0.021437, -0.064073
0.030138, 0.010166
0.080907, 0.035136
0.081713, 0.028704
0.106695, -0.004668
0.080907, 0.014452
0.080907, 0.059633
0.030138, 0.001180
0.055925, 0.045705
0.080907, -0.010901
0.055925, 0.036910
0.080907, 0.033408
0.132482, -0.019921
0.106695, -0.060013
0.080907, -0.066838
0.030138, -0.019590
-0.021437, -0.043573
0.030138, -0.012493
0.030138, -0.006032
0.030138, 0.000521
0.080907, 0.060207
0.080907, 0.041535
0.080907, -0.030331
0.106695, -0.023376
0.106695, 0.035445
0.081713, 0.087739
0.080907, -0.007832
0.106695, -0.011755
0.132482, -0.013323
0.132482, -0.064566
0.184057, -0.019463
0.132482, -0.025068
0.093801, -0.022528
0.132482, 0.009317
0.132482, 0.051654
0.132482, 0.038764
0.184057, -0.025737
0.184057, 0.013771
0.184057, 0.000718
0.132482, -0.010616
0.132482, 0.079699
0.106695, 0.044760
0.080907, 0.009465
0.080907, 0.002347
0.080907, -0.105535
0.080907, -0.058230
0.030138, -0.010079
0.055925, 0.013945
0.080907, -0.011863
0.055925, -0.060265
0.080907, -0.006213
0.106695, -0.000444
0.132482, 0.004298
0.081713, 0.010326
0.080907, 0.065339
0.080907, 0.020345
0.080907, -0.025579
0.080907, 0.031794
0.030138, 0.086783
0.030138, 0.067085
0.030138, -0.005424
0.080907, -0.002201
0.080907, -0.051718
0.055925, 0.000570
0.055925, 0.051626
0.080907, -0.001116
0.080907, -0.081907
0.081713, -0.084773
0.055925, -0.090091
0.030138, -0.122019
-0.021437, -0.074448
-0.021437, 0.021563
-0.092353, 0.068047
-0.021437, 0.074407
0.030138, 0.085011
0.030138, 0.104239
0.030138, 0.047448
-0.021437, 0.042101
-0.073012, 0.011131
-0.021437, -0.018290
-0.021437, -0.019737
-0.020631, 0.003540
0.055925, 0.028930
0.132482, 0.030137
0.106695, 0.028329
0.093801, -0.076922
0.093801, -0.129119
0.106695, -0.077178
0.106695, -0.001052
0.080907, -0.077938
0.030138, -0.025747
0.030138, 0.025580
0.030138, 0.027147
0.055925, 0.052703
0.080907, 0.029766
0.055925, 0.029427
0.080907, -0.020271
0.080907, 0.005624
0.080907, 0.030844
0.081713, 0.006551
0.106695, 0.030713
0.132482, 0.081054
0.106695, 0.052922
0.081713, 0.025333
0.106695, -0.028036
0.132482, -0.081551
0.132482, -0.032869
0.080907, -0.037526
0.030138, -0.041829
0.030138, 0.004765
0.055925, -0.000832
-0.021437, -0.006999
-0.073012, 0.012032
-0.073012, 0.008563
-0.072207, -0.022369
-0.021437, -0.029025
-0.072207, -0.007689
-0.021437, 0.010979
-0.021437, 0.007851
0.055925, 0.055337
0.080907, 0.001454
0.055925, -0.040333
0.030138, -0.003250
0.055925, -0.003279
0.081713, -0.003618
0.093801, 0.049453
0.080907, 0.051729
0.080907, 0.053345
0.055925, 0.006955
0.055925, 0.011532
0.080907, -0.009805
0.093801, -0.029516
0.080907, -0.026566
0.080907, -0.022303
-0.099606, -0.017589
0.030138, -0.064450
0.080907, -0.030023
0.106695, -0.002969
0.106695, -0.024013
0.080907, 0.003401
0.080907, 0.031178
0.080907, 0.058540
-0.021437, 0.009733
-0.073012, 0.008701
-0.073012, 0.008868
-0.021437, 0.010993
0.030138, 0.014760
0.030138, -0.033442
-0.073012, -0.034200
-0.021437, -0.033430
0.055925, 0.020645
0.080907, 0.023996
0.081713, 0.003430
0.080907, 0.007069
0.080907, 0.034442
0.080907, 0.037962
0.080907, 0.043302
0.080907, 0.021363
0.055925, -0.000084
0.030138, -0.045852
0.030138, -0.039692
0.055925, -0.104935
0.030138, -0.029527
0.080907, 0.026286
0.030138, 0.028992
0.030138, 0.029109
0.030138, -0.021775
0.030138, -0.074939
0.055925, -0.025683
0.080907, -0.028469
0.080907, -0.031513
0.030138, 0.038945
-0.021437, 0.108630
-0.021437, 0.073975
0.030138, 0.051876
-0.019020, 0.043095
-0.020631, 0.048079
0.030138, 0.039041
0.030138, 0.005047
0.030138, -0.053062
0.055925, -0.060032
0.080907, -0.065215
0.080907, -0.044815
0.055925, -0.023872
0.030138, -0.052801
0.030138, -0.029157
0.055925, -0.027365
0.080907, -0.024821
0.055925, -0.020364
0.055925, 0.010636
0.055925, 0.043622
0.030138, 0.025267
-0.021437, 0.007928
-0.021437, 0.040177
-0.021437, 0.076409
0.055925, 0.086981
0.080907, 0.045700
0.080907, 0.004097
0.030138, 0.012013
0.030138, 0.043834
0.055925, -0.026801
0.055925, -0.073375
0.080907, -0.071038
0.080907, -0.069227
0.030138, -0.019619
-0.021437, -0.072891
0.030138, -0.025901
-0.020631, -0.028730
-0.021437, 0.041549
-0.021437, 0.059079
-0.021437, 0.026782
-0.021437, -0.006329
-0.021437, 0.011333
0.030138, 0.030955
0.080907, 0.037642
0.055925, 0.019410
0.030138, 0.012856
0.030138, -0.016067
0.030138, -0.018335
0.080907, 0.005566
-0.021437, 0.019045
-0.021437, 0.006224
-0.021437, 0.011075
-0.021437, -0.165948
0.030138, -0.030561
0.030138, 0.027707
0.030138, 0.059024
0.055925, 0.065791
0.030138, 0.046723
0.055925, 0.053221
0.055925, 0.058535
0.030138, -0.040302
0.030138, -0.088893
0.030138, -0.086702
0.030138, -0.033883
-0.020631, 0.016146
0.030138, 0.013783
0.030138, -0.091413
0.030138, -0.043371
-0.021437, 0.029908
-0.021437, 0.048928
-0.021437, 0.044756
-0.072207, 0.038943
0.030138, 0.034320
-0.072207, 0.031523
-0.021437, 0.025452
-0.021437, 0.024205
-0.021437, -0.004859
0.030138, -0.031283
-0.021437, -0.033111
-0.072207, -0.008196
-0.021437, -0.030988
-0.118947, 0.023252
-0.124588, -0.025534
-0.092353, -0.020617
-0.021437, -0.017134
0.030138, -0.011475
-0.021437, 0.018437
0.030138, 0.045851
-0.021437, 0.050609
-0.073012, 0.003229
-0.021437, -0.045155
0.030138, -0.042031
-0.021437, 0.010548
-0.073012, -0.039373
-0.021437, -0.040993
-0.021437, 0.009839
-0.021437, 0.006586
-0.021437, 0.003819
-0.021437, 0.026365
0.030138, 0.048463
0.030138, 0.046492
0.030138, 0.017133
-0.021437, -0.012063
-0.021437, -0.015717
-0.073012, 0.007710
-0.019020, 0.030139
-0.021437, 0.005200
-0.021437, 0.004538
-0.073012, 0.004234
-0.112500, -0.022820
-0.118947, -0.073302
-0.092353, -0.070582
-0.021437, -0.066811
-0.099606, 0.013117
-0.073012, 0.038393
-0.021437, 0.042150
-0.073012, -0.004685
-0.021437, -0.002972
-0.073012, 0.025163
-0.073012, 0.026278
-0.021437, 0.054082
-0.021437, 0.058229
0.030138, 0.008505
0.030138, -0.040085
0.030138, 0.012159
-0.112500, -0.037147
-0.112500, -0.037613
-0.073012, -0.034731
-0.072207, -0.034069
-0.021437, -0.033279
-0.073012, -0.032171
-0.073012, 0.018675
-0.099606, 0.069399
-0.073012, 0.043645
-0.092353, 0.017212
-0.021437, 0.015606
-0.021437, 0.015566
-0.021437, 0.064596
-0.073012, -0.040350
-0.021437, -0.041333
-0.021437, -0.046106
-0.021437, -0.048675
-0.073012, 0.001994
-0.021437, 0.000570
0.030138, 0.001195
0.055925, 0.026068
0.080907, -0.000511
0.055925, 0.025690
0.080907, 0.024214
0.080907, -0.001886
0.081713, -0.001822
0.080907, 0.000516
-0.073012, 0.003200
-0.099606, -0.044874
-0.099606, 0.009674
-0.021437, 0.014932
-0.021437, 0.023212
-0.021437, -0.021980
-0.021437, -0.015220
-0.021437, -0.008786
-0.021437, -0.053112
-0.021437, 0.055431
0.030138, -0.040861
0.055925, 0.016058
0.080907, 0.020149
0.080907, 0.023113
0.080907, 0.076185
0.080907, 0.026631
0.030138, -0.024806
0.030138, 0.025807
0.080907, -0.072636
0.055925, -0.080264
0.055925, -0.051635
0.080907, 0.016126
0.055925, 0.064299
0.055925, 0.008845
0.030138, 0.057239
0.030138, 0.001214
-0.021437, -0.054803
-0.021437, -0.007817
-0.021437, 0.043005
-0.073012, -0.010875
-0.072207, -0.064729
-0.099606, -0.012172
-0.112500, -0.011498
-0.099606, -0.009824
-0.073012, -0.006902
-0.073012, -0.003244
-0.021437, 0.051996
0.030138, 0.056240
0.030138, 0.059220
0.030138, 0.010084
0.030138, 0.013269
0.030138, -0.034679
0.055925, 0.021983
0.030138, 0.021960
-0.021437, 0.023145
-0.021437, -0.027226
0.030138, -0.065834
0.030138, -0.071127
-0.021437, -0.045499
-0.021437, 0.026054
0.030138, -0.050192
0.030138, -0.021952
0.080907, 0.029173
0.080907, -0.021901
0.080907, 0.029983
0.080907, -0.020880
0.055925, -0.019793
0.030138, 0.032945
0.030138, 0.034002
0.055925, 0.085713
0.030138, 0.088022
0.055925, 0.088298
0.055925, -0.053292
0.080907, -0.053120
0.055925, -0.013613
0.030138, -0.014300
0.055925, 0.034891
0.055925, -0.017683
0.055925, -0.019064
0.080907, -0.048241
0.030138, -0.025895
-0.021437, -0.050641
-0.021437, 0.014958
0.030138, 0.012520
0.030138, 0.007095
0.030138, -0.050825
-0.021437, -0.004629
0.030138, -0.010392
0.030138, -0.012879
0.080907, -0.068108
0.081713, -0.019229
0.106695, 0.029973
0.084130, 0.053666
0.080907, 0.076900
0.055925, 0.051729
0.080907, 0.076020
0.030138, 0.076540
-0.021437, 0.076560
-0.021437, 0.076875
-0.021437, -0.077068
-0.099606, -0.103077
-0.073012, -0.103390
-0.021437, -0.023612
-0.073012, -0.025149
-0.021437, -0.028225
-0.021437, -0.028941
-0.021437, -0.034715
-0.073012, -0.036803
-0.021437, -0.042960
0.055925, 0.005535
0.055925, 0.027306
-0.021437, 0.045890
-0.021437, 0.041385
0.055925, 0.038803
0.030138, 0.034812
0.030138, -0.018078
-0.021437, -0.020406
0.030138, 0.028866
-0.021437, 0.006163
-0.021437, 0.008586
-0.021437, 0.040558
-0.021437, 0.020622
0.030138, 0.028926
0.030138, 0.011876
-0.021437, 0.018254
0.030138, -0.024770
0.030138, -0.013176
0.030138, -0.004757
-0.021437, -0.049848
0.030138, -0.041787
0.030138, -0.061430
-0.021437, -0.070360
0.030138, -0.054331
-0.019020, -0.025679
-0.021437, -0.026034
-0.021437, 0.024723
-0.021437, 0.073472
-0.021437, 0.067800
0.030138, 0.061931
0.030138, 0.053782
0.030138, 0.045225
0.080907, 0.062450
0.055925, 0.027988
-0.021437, -0.034872
-0.021437, -0.045852
0.055925, -0.002255
0.055925, -0.009449
0.030138, -0.066736
0.030138, -0.073333
-0.021437, -0.026873
-0.073012, -0.029265
-0.073012, 0.018991
-0.092353, 0.020013
-0.073012, 0.020564
-0.021437, 0.022433
-0.021437, 0.001343
-0.021437, -0.021949
-0.021437, -0.017637
-0.073012, 0.011420
-0.073012, -0.010541
-0.099606, 0.016466
-0.073012, 0.017155
-0.021437, 0.045407
-0.072207, 0.021211
-0.072207, -0.004240
-0.021437, 0.021349
-0.021437, 0.020674
-0.021437, 0.017649
-0.021437, 0.040799
-0.021437, -0.013346
0.080907, -0.065940
0.080907, -0.066732
0.055925, -0.018028
0.080907, -0.021230
0.030138, -0.021900
-0.021437, -0.074949
-0.021437, -0.022549
-0.072207, -0.022037
-0.021437, 0.030932
0.030138, 0.037821
-0.021437, 0.067665
0.030138, 0.050455
0.030138, 0.053940
0.055925, 0.035064
-0.021437, 0.066982
-0.021437, 0.021376
0.030138, -0.021301
0.030138, -0.016853
-0.020631, -0.013680
0.030138, -0.088752
-0.021437, -0.056690
-0.021437, -0.003098
-0.073012, -0.052537
-0.073012, -0.000853
-0.072207, -0.000348
-0.021437, -0.000970
-0.021437, -0.054002
0.030138, -0.004546
-0.021437, 0.070735
-0.099606, 0.066222
-0.073012, -0.014673
-0.021437, -0.016775
-0.073012, 0.057875
-0.073012, 0.027329
-0.073012, 0.024335
-0.073012, -0.028622
-0.021437, 0.021757
0.030138, -0.030307
0.055925, -0.029924
-0.021437, -0.030864
-0.021437, -0.031728
-0.021437, 0.020870
-0.021437, 0.022120
-0.021437, -0.028811
0.030138, 0.023863
0.055925, 0.026213
0.030138, 0.025810
-0.021437, -0.026482
-0.021437, 0.024138
0.030138, 0.023892
0.030138, -0.028169
0.030138, 0.022069
0.030138, -0.028942
0.030138, -0.032971
0.030138, -0.033751
0.030138, -0.035163
-0.021437, -0.037045
-0.092353, 0.012278
-0.021437, 0.011381
0.055925, 0.013917
0.055925, 0.065743
0.030138, 0.040210
0.030138, -0.036543
0.030138, -0.033138
0.030138, 0.048370
0.030138, 0.051974
0.080907, 0.030554
-0.019020, 0.036970
-0.021437, -0.010465
-0.021437, -0.053790
-0.021437, -0.046803
-0.073012, -0.059621
-0.021437, -0.034142
-0.021437, 0.024183
0.030138, 0.028307
0.030138, 0.032388
0.055925, 0.035152
0.080907, -0.015042
0.080907, -0.014781
0.080907, -0.042921
0.080907, -0.018327
0.055925, 0.029489
0.080907, -0.026893
0.080907, -0.031710
0.080907, 0.012793
0.055925, 0.005717
0.030138, -0.001111
0.055925, -0.008396
0.080907, -0.015797
0.080907, 0.078936
0.093801, 0.073202
0.132482, 0.043057
0.132482, 0.063961
0.080907, 0.007162
0.055925, -0.047815
0.030138, -0.049822
0.055925, -0.100303
0.055925, -0.048082
0.080907, 0.005819
0.030138, -0.043094
-0.021437, 0.010940
-0.020631, 0.014535
-0.021437, 0.046352
-0.073012, -0.025978
-0.099606, -0.022044
-0.124588, 0.034864
-0.124588, 0.041170
-0.112500, -0.004865
-0.112500, 0.050643
-0.073012, 0.005522
0.030138, 0.010157
0.055925, -0.036133
-0.021437, -0.034061
-0.021437, -0.031815
-0.021437, 0.020136
-0.073012, 0.020691
-0.073012, 0.073752
-0.072207, 0.024062
-0.020631, -0.055040
0.055925, -0.029372
-0.072207, 0.021890
-0.073012, -0.034022
-0.021437, -0.034365
-0.021437, -0.037792
-0.073012, -0.040601
-0.122170, 0.006285
-0.173745, 0.053461
-0.124588, 0.075740
-0.124588, -0.004465
-0.099606, -0.007866
-0.073012, -0.010201
-0.073012, -0.015259
-0.073012, -0.018971
-0.073012, 0.028891
-0.072207, 0.051383
-0.073012, 0.020863
-0.073012, -0.033846
-0.099606, -0.036158
-0.021437, 0.011559
-0.072207, 0.011042
-0.021437, 0.007545
-0.021437, 0.006907
-0.021437, 0.005083
0.030138, 0.004985
0.030138, 0.005124
0.030138, -0.045673
-0.021437, -0.115239
-0.073012, -0.043933
-0.099606, 0.036412
-0.073012, 0.040195
-0.021437, 0.017402
-0.021437, 0.019978
-0.021437, 0.023794
-0.112500, 0.027098
-0.073012, 0.028455
-0.073012, 0.083129
-0.073012, -0.015995
-0.072207, -0.018787
-0.073012, -0.019537
-0.021437, -0.021208
-0.019020, -0.075067
0.030138, -0.026610
0.030138, -0.030422
0.030138, 0.014599
0.030138, 0.008197
0.080907, 0.025650
0.055925, 0.042589
0.080907, 0.032528
0.080907, 0.023860
0.055925, 0.015902
0.030138, -0.018109
0.055925, -0.001383
0.055925, -0.006528
0.080907, -0.011430
0.030138, -0.040126
0.030138, -0.068796
0.055925, -0.043422
0.030138, -0.015195
-0.021437, -0.011388
-0.021437, 0.006020
-0.021437, 0.052870
-0.021437, 0.061336
0.030138, 0.018536
-0.021437, 0.004357
-0.021437, -0.012821
0.030138, 0.024784
-0.021437, 0.037886
-0.021437, 0.071876
0.030138, 0.032984
0.055925, -0.008095
0.030138, 0.002200
-0.021437, 0.007144
-0.021437, -0.039503
-0.021437, -0.059918
-0.021437, -0.079974
0.030138, -0.077941
0.055925, -0.062276
0.055925, -0.062063
0.055925, -0.022594
0.030138, 0.079047
-0.021437, 0.103163
-0.021437, 0.024241
-0.021437, 0.025347
0.030138, 0.025868
0.030138, -0.022986
-0.021437, -0.022149
-0.073012, -0.021925
-0.021437, 0.031558
-0.021437, 0.113720
-0.073012, -0.012055
-0.073012, -0.010045
-0.021437, 0.046158
-0.073012, 0.049896
-0.092353, 0.001094
-0.073012, -0.043657
-0.021437, -0.090498
-0.021437, -0.039917
-0.073012, -0.040464
-0.073012, -0.016567
0.030138, 0.009749
-0.021437, 0.008057
-0.021437, 0.003756
-0.021437, 0.001285
-0.073012, -0.002666
-0.073012, -0.009784
-0.021437, -0.014807
-0.021437, -0.044936
-0.021437, 0.028501
-0.021437, -0.026376
-0.072207, 0.020530
-0.073012, 0.017207
-0.099606, 0.015769
-0.073012, 0.066523
-0.021437, 0.067274
-0.021437, 0.066288
0.030138, 0.015502
-0.021437, -0.032651
-0.019020, -0.057896
-0.021437, -0.029197
-0.073012, 0.023481
-0.073012, 0.024134
-0.021437, 0.025795
-0.073012, -0.065656
-0.073012, -0.026924
-0.021437, -0.029671
0.030138, -0.033262
-0.021437, -0.037945
-0.021437, -0.045950
-0.021437, -0.002798
-0.021437, -0.008480
-0.021437, 0.031608
-0.021437, 0.023148
-0.073012, 0.013881
-0.021437, 0.004947
-0.021437, 0.049389
0.030138, 0.017225
0.030138, 0.036860
0.055925, 0.031826
0.055925, 0.003177
0.080907, -0.024557
-0.021437, 0.000732
-0.073012, 0.000129
-0.021437, 0.028334
0.030138, -0.017753
-0.021437, -0.012729
-0.112500, 0.017811
-0.124588, -0.002156
-0.122170, -0.046246
-0.073012, -0.038202
-0.021437, -0.029792
-0.021437, -0.024269
-0.020631, 0.031245
0.030138, -0.017187
-0.021437, -0.014109
-0.021437, 0.037597
-0.073012, -0.012673
-0.021437, -0.013952
0.030138, 0.036537
-0.021437, 0.059292
-0.073012, 0.029427
-0.092353, -0.026502
-0.072207, -0.030293
-0.072207, -0.033711
-0.021437, -0.036856
0.030138, 0.013466
0.055925, 0.037784
0.080907, 0.036968
0.030138, 0.038683
-0.021437, 0.015166
-0.021437, -0.034438
-0.021437, -0.030438
0.030138, -0.024616
-0.021437, 0.032372
-0.021437, 0.037031
-0.021437, -0.007606
-0.021437, -0.052544
0.030138, 0.008727
-0.021437, 0.014291
-0.099606, -0.034288
-0.099606, -0.028880
-0.073012, 0.028789
0.030138, -0.018718
0.055925, -0.034961
-0.021437, -0.017293
0.030138, 0.033543
-0.021437, 0.033648
-0.021437, -0.020765
-0.021437, -0.021772
0.030138, 0.079185
0.055925, 0.025719
0.081713, 0.022663
0.055925, 0.019688
-0.021437, -0.035969
0.030138, -0.038477
0.080907, 0.011723
0.080907, 0.012052
0.030138, 0.010062
0.030138, 0.009676
0.080907, -0.039314
0.084130, -0.038677
0.106695, -0.063031
0.106695, -0.033813
0.132482, 0.020152
0.132482, 0.022124
0.132482, 0.074163
0.106695, 0.022777
0.106695, 0.025309
0.093801, 0.024416
0.081713, -0.027452
0.093801, -0.027403
0.106695, 0.021176
-0.021437, -0.033595
0.030138, -0.037967
0.055925, 0.011973
0.080907, 0.059383
0.080907, 0.003053
0.080907, -0.001236
0.081713, -0.006048
0.030138, -0.010168
0.030138, -0.014706
0.055925, -0.017464
0.030138, -0.072208
0.055925, -0.022028
0.030138, -0.022908
-0.021437, 0.027759
-0.072207, 0.028217
-0.021437, 0.055802
-0.073012, 0.058599
-0.073012, 0.086235
-0.021437, -0.011097
-0.021437, -0.056594
0.030138, -0.000684
0.055925, 0.056216
0.030138, 0.009623
-0.021437, -0.077527
-0.072207, -0.087191
-0.021437, -0.081508
-0.021437, -0.028119
-0.021437, 0.024666
-0.124588, 0.026620
-0.099606, 0.026310
-0.073012, 0.077334
-0.019020, 0.025931
-0.020631, 0.023959
-0.021437, -0.031984
-0.099606, 0.015984
-0.124588, 0.063080
-0.124588, 0.007893
-0.112500, -0.048763
-0.021437, -0.072194
-0.021437, -0.055308
0.030138, -0.060473
0.055925, -0.012049
0.030138, 0.036673
0.030138, 0.059704
0.055925, 0.083563
0.080907, 0.032475
0.080907, -0.020101
0.030138, -0.020357
-0.021437, -0.020475
0.030138, 0.033970
0.030138, -0.013140
0.030138, -0.010883
-0.021437, -0.009538
-0.021437, -0.006966
-0.021437, 0.048673
-0.021437, -0.001080
-0.021437, -0.078098
0.030138, -0.075467
-0.021437, -0.048449
-0.021437, 0.052083
-0.021437, 0.076419
-0.021437, -0.002957
-0.073012, 0.045323
-0.112500, -0.012470
-0.112500, -0.019449
-0.112500, -0.023625
-0.073012, 0.021058
-0.021437, 0.039486
-0.021437, 0.057433
-0.073012, 0.021170
0.030138, -0.066315
0.080907, -0.021107
-0.021437, 0.020136
-0.073012, 0.009572
-0.073012, -0.048283
-0.099606, -0.055721
-0.021437, -0.010821
-0.073012, -0.012000
-0.021437, 0.005291
-0.021437, 0.005015
-0.021437, 0.028615
-0.019020, 0.029794
0.030138, 0.030599
-0.021437, 0.006741
-0.092353, 0.008295
-0.073012, -0.001924
-0.021437, -0.009410
-0.021437, 0.009179
0.030138, 0.026733
-0.021437, -0.096326
-0.073012, -0.040629
-0.118947, -0.008114
-0.124588, 0.021903
-0.122170, 0.027627
-0.099606, 0.033268
-0.073012, 0.039766
-0.099606, -0.007175
-0.222097, -0.003500
-0.176968, 0.024193
-0.124588, 0.005159
-0.124588, 0.035209
-0.099606, 0.014299
-0.021437, -0.032121
-0.092353, -0.077609
-0.124588, -0.024212
-0.170522, -0.069703
-0.175357, -0.065803
-0.092353, -0.009548
-0.021437, -0.002350
-0.021437, 0.056575
-0.021437, 0.087752
-0.021437, 0.065696
-0.021437, 0.018276
-0.021437, -0.028215
-0.021437, 0.027212
-0.021437, 0.032168
-0.099606, 0.035565
-0.099606, -0.066462
-0.073012, -0.037508
-0.021437, -0.010103
-0.021437, 0.044011
-0.021437, 0.038918
-0.072207, 0.034581
-0.099606, -0.047322
-0.073012, -0.077366
-0.021437, -0.083750
-0.021437, -0.079400
0.030138, 0.003561
0.030138, -0.004578
0.030138, 0.038053
-0.021437, 0.056117
0.030138, 0.022567
0.055925, 0.017815
-0.021437, 0.036741
-0.073012, 0.054082
-0.073012, 0.050187
-0.073012, -0.002807
-0.072207, -0.053595
-0.073012, -0.001198
-0.073012, 0.001086
-0.122170, 0.005063
-0.173745, -0.042353
-0.124588, -0.034375
-0.124588, -0.025243
-0.112500, -0.018844
-0.073012, -0.010474
-0.021437, 0.049939
-0.073012, 0.008088
-0.072207, 0.016803
-0.021437, 0.023472
-0.073012, 0.030735
-0.073012, -0.017339
-0.073012, -0.052827
-0.099606, -0.051144
-0.124588, -0.049949
-0.124588, -0.010208
-0.124588, 0.040783
-0.170522, 0.038389
-0.124588, -0.018889
-0.099606, 0.080717
-0.073012, 0.127304
-0.099606, 0.020192
-0.099606, -0.038366
-0.099606, -0.044389
-0.099606, -0.075256
-0.073012, -0.000859
-0.021437, -0.054499
-0.021437, -0.004557
-0.073012, -0.005681
-0.072207, -0.005596
0.030138, 0.000144
-0.021437, 0.053272
0.030138, 0.004835
0.030138, -0.059340
0.030138, -0.034345
0.030138, 0.024401
-0.021437, 0.033305
0.030138, 0.090508
0.080907, 0.048436
0.055925, 0.005553
0.055925, -0.032612
0.055925, -0.030323
0.080907, -0.021056
0.055925, 0.008133
-0.021437, 0.037999
0.030138, 0.014255
0.030138, -0.103330
0.030138, -0.057410
0.055925, -0.003761
0.030138, -0.004211
0.030138, 0.017944
-0.021437, 0.091469
-0.021437, 0.016627
0.030138, -0.019849
0.080907, -0.071086
0.055925, -0.081005
0.030138, -0.005311
-0.021437, 0.059288
-0.073012, 0.053059
-0.021437, 0.047153
-0.021437, 0.041929
-0.021437, 0.034050
-0.021437, 0.029043
-0.021437, 0.023886
-0.073012, 0.019700
-0.118947, -0.065514
-0.021437, -0.069306
-0.021437, -0.044124
-0.021437, 0.005063
0.030138, 0.003819
-0.021437, 0.003238
-0.021437, -0.050670
-0.021437, -0.079154
-0.021437, -0.053020
0.030138, -0.001425
0.055925, 0.001680
0.080907, 0.054801
0.080907, 0.057188
0.030138, 0.059666
-0.073818, 0.009176
-0.099606, 0.062345
-0.073012, 0.092636
-0.021437, 0.020616
-0.021437, -0.025833
-0.021437, -0.022395
-0.099606, -0.020331
-0.073012, -0.015924
-0.021437, -0.010850
0.030138, -0.005523
0.030138, -0.051080
0.030138, -0.099660
0.030138, -0.046929
-0.072207, -0.043869
-0.021437, -0.029736
-0.112500, 0.015751
-0.092353, 0.068901
0.030138, 0.022607
-0.021437, 0.027548
-0.021437, 0.079734
-0.021437, 0.030563
-0.021437, 0.031162
-0.021437, 0.032188
-0.073012, 0.005717
-0.072207, -0.019416
0.030138, -0.017557
0.030138, -0.016031
-0.072207, -0.066297
-0.073012, -0.023000
-0.073012, 0.002494
-0.099606, 0.024979
-0.073012, -0.007400
-0.072207, -0.011862
-0.021437, -0.019051
-0.021437, -0.023721
0.030138, -0.005699
0.055925, 0.038808
0.081713, 0.029994
0.106695, -0.030723
0.106695, -0.040176
0.106695, 0.052886
0.080907, -0.008855
0.055925, 0.030718
0.030138, 0.020103
0.030138, 0.011954
0.080907, 0.004251
0.080907, -0.052664
-0.021437, -0.008429
-0.073012, 0.034804
-0.073012, 0.005051
-0.048031, 0.002488
-0.073012, 0.001193
-0.073012, 0.025773
-0.020631, 0.003065
0.030138, -0.070312
0.030138, -0.017827
0.030138, -0.015221
0.030138, -0.009860
-0.021437, 0.021017
-0.021437, -0.000093
-0.021437, 0.008476
-0.021437, -0.037131
-0.073012, -0.031879
-0.073012, 0.023909
-0.021437, 0.079778
0.030138, 0.061125
0.030138, 0.041471
0.080907, -0.006119
0.080907, -0.054087
0.055925, -0.001018
0.055925, 0.000191
0.055925, 0.001382
0.030138, 0.001519
-0.021437, 0.001495
-0.021437, -0.052142
0.055925, -0.098602
0.080907, -0.001044
0.080907, -0.001636
0.080907, -0.002845
0.055925, 0.047490
0.081713, -0.006273
0.084130, -0.008021
0.106695, -0.009820
0.080907, -0.009844
-0.073012, 0.039193
-0.021437, 0.063795
0.030138, 0.091288
-0.021437, 0.091668
-0.073012, 0.038790
-0.112500, -0.065072
-0.112500, -0.088988
-0.118947, -0.061656
-0.099606, -0.010340
-0.021437, -0.008890
-0.072207, -0.007341
-0.112500, -0.085952
-0.176968, -0.058367
-0.215650, -0.005613
-0.173745, 0.048202
-0.124588, 0.050169
-0.099606, 0.053378
-0.124588, 0.055900
-0.124588, -0.044388
-0.124588, 0.009601
-0.124588, -0.077096
-0.175357, -0.054431
-0.124588, 0.069822
-0.124588, 0.023350
-0.124588, 0.024793
-0.118947, 0.026399
-0.124588, 0.027680
-0.276895, 0.026844
-0.225320, -0.027304
-0.124588, -0.025286
-0.173745, 0.075683
-0.124588, 0.070174
-0.112500, -0.035147
-0.021437, -0.040821
-0.021437, -0.045032
-0.021437, -0.079780
0.030138, -0.060643
0.030138, -0.067357
0.080907, -0.025181
0.055925, -0.032793
0.080907, 0.011124
0.080907, 0.030992
0.030138, 0.049176
0.030138, 0.066778
0.080907, 0.065373
0.081713, 0.062770
0.093801, 0.035731
0.080907, 0.011378
0.030138, -0.013593
0.055925, -0.010530
0.055925, 0.044259
0.030138, 0.049271
0.030138, -0.045499
0.080907, -0.089265
0.055925, -0.081082
-0.021437, -0.049604
0.030138, -0.066827
0.030138, -0.057584
-0.021437, -0.001202
0.030138, 0.055016
0.080907, 0.061093
-0.021437, 0.063223
-0.021437, 0.063424
0.030138, 0.012570
0.080907, 0.011715
0.080907, 0.007621
0.080907, 0.001193
-0.021437, -0.057267
-0.021437, -0.064871
0.055925, -0.019788
0.055925, 0.023815
0.030138, 0.013506
0.030138, 0.053181
0.030138, 0.044783
0.030138, 0.011843
0.080907, 0.004890
0.055925, -0.000793
-0.021437, -0.032503
-0.072207, -0.088796
0.030138, -0.091848
0.080907, -0.011418
0.080907, 0.015613
-0.021437, 0.017289
0.030138, 0.021998
0.080907, 0.004659
0.080907, 0.037482
0.080907, 0.047966
0.030138, 0.079024
0.055925, 0.063365
0.055925, -0.078278
0.080907, -0.014815
0.080907, 0.049392
0.030138, 0.009062
0.030138, -0.033281
-0.020631, -0.062545
0.030138, -0.052115
-0.073012, -0.045969
-0.099606, -0.017708
-0.073012, 0.072557
-0.021437, 0.031283
-0.021437, 0.000581
-0.021437, -0.054875
0.030138, -0.083688
0.030138, -0.032809
0.080907, 0.023042
0.084130, 0.055930
0.106695, 0.033519
0.106695, 0.038326
0.106695, 0.039561
0.080907, 0.039207
0.080907, -0.009630
0.055925, 0.040011
0.080907, 0.036756
0.080907, 0.033147
0.080907, 0.032610
0.030138, 0.019633
0.030138, -0.142968
0.080907, -0.102021
0.081713, -0.010851
0.080907, -0.071533
0.055925, -0.037638
0.055925, -0.041286
0.080907, 0.035233
0.080907, 0.019371
0.080907, 0.003922
0.080907, 0.039971
0.081713, 0.026110
0.106695, 0.063203
0.184057, 0.026915
0.132482, 0.041574
0.132482, 0.030624
0.081713, -0.027563
0.106695, -0.034519
0.132482, 0.012843
0.106695, 0.010350
0.081713, 0.020011
0.080907, 0.006622
0.055925, -0.043038
0.080907, -0.013827
0.080907, -0.008001
0.080907, -0.030276
0.081713, -0.026303
0.081713, 0.029376
0.106695, 0.010739
0.080907, -0.060992
0.080907, -0.005126
0.080907, 0.000571
0.030138, -0.045586
0.055925, 0.010050
0.080907, 0.065145
0.081713, -0.034204
0.081713, -0.033672
0.081713, 0.017949
0.055925, 0.067818
0.055925, 0.066309
0.080907, 0.063565
0.055925, -0.042426
0.080907, -0.046186
0.055925, 0.028908
0.030138, 0.024130
0.030138, -0.004842
0.030138, -0.007740
0.030138, -0.011415
-0.021437, -0.014849
0.030138, 0.033145
0.030138, 0.007302
-0.021437, -0.073251
-0.021437, -0.126424
-0.021437, -0.022791
-0.021437, 0.029715
-0.021437, 0.031559
-0.073012, -0.068477
-0.021437, -0.014910
-0.073012, 0.040448
-0.021437, 0.043580
-0.073012, 0.049076
-0.073012, 0.002373
-0.072207, 0.030185
-0.021437, 0.033499
-0.021437, 0.064261
-0.021437, 0.066842
-0.112500, 0.017332
-0.073012, 0.017173
-0.021437, -0.030981
-0.021437, 0.020402
0.030138, -0.083460
0.030138, -0.108577
-0.021437, -0.084360
0.055925, -0.035778
0.080907, -0.038162
0.080907, -0.043763
0.055925, 0.003195
0.080907, -0.000919
0.055925, 0.046520
0.030138, 0.044101
0.030138, 0.061872
0.030138, 0.057394
0.030138, 0.053538
-0.021437, 0.022111
-0.021437, 0.017940
-0.021437, -0.009751
0.030138, 0.012430
0.030138, 0.010122
0.030138, 0.007973
0.055925, -0.047945
0.030138, -0.051912
0.030138, -0.002120
-0.021437, -0.004314
0.030138, -0.007327
0.055925, -0.033221
0.055925, -0.033940
-0.073012, -0.010902
-0.099606, -0.014875
-0.123782, -0.014571
-0.112500, -0.015814
-0.123782, -0.014303
-0.092353, 0.009812
-0.021437, 0.087795
-0.073012, 0.036573
-0.073012, 0.034130
-0.021437, -0.016906
-0.021437, 0.009330
-0.021437, 0.035243
-0.021437, 0.010271
-0.021437, -0.013535
-0.021437, -0.014235
-0.073012, -0.038143
-0.021437, -0.011573
-0.073012, -0.009114
-0.099606, -0.009003
-0.112500, -0.005011
-0.021437, -0.001512
-0.021437, 0.025379
0.030138, 0.001086
0.080907, 0.004614
-0.021437, 0.004497
-0.021437, -0.046940
-0.021437, -0.016979
-0.021437, 0.008072
-0.021437, 0.009328
-0.021437, 0.011057
-0.021437, 0.013995
-0.099606, -0.009947
-0.124588, -0.007842
-0.124588, 0.019091
-0.073012, -0.003321
-0.021437, 0.027769
-0.073012, 0.007979
-0.021437, -0.013855
-0.021437, -0.007200
0.030138, -0.001127
0.055925, 0.006232
0.080907, -0.037262
-0.021437, 0.021871
-0.020631, 0.027210
0.055925, -0.017182
-0.021437, -0.008105
-0.021437, -0.000803
-0.021437, 0.008656
0.055925, 0.013898
0.080907, -0.030877
0.030138, 0.025964
0.030138, -0.022406
0.055925, 0.032846
0.080907, -0.017948
0.030138, -0.018063
0.080907, -0.019186
0.030138, 0.030154
0.030138, 0.025833
0.055925, 0.020821
0.055925, -0.075696
0.030138, -0.044745
-0.021437, -0.000249
-0.073012, -0.010185
-0.099606, 0.031298
-0.124588, 0.022539
-0.124588, -0.036451
-0.124588, 0.033861
-0.021437, 0.051770
-0.020631, 0.047463
-0.073012, 0.015322
-0.112500, 0.035490
-0.021437, 0.007582
-0.021437, -0.018466
-0.073012, -0.020498
-0.021437, -0.020242
-0.072207, -0.018425
-0.021437, -0.068155
-0.099606, -0.064138
-0.073012, -0.060490
-0.021437, -0.001396
-0.124588, 0.005357
-0.073012, 0.010576
-0.124588, 0.044783
-0.112500, 0.026701
-0.124588, 0.036240
-0.099606, -0.006960
-0.073012, 0.053154
-0.073012, 0.086301
-0.073012, 0.093473
-0.124588, -0.029347
-0.124588, -0.051202
-0.175357, -0.070674
-0.124588, -0.056210
-0.099606, -0.063832
-0.124588, -0.029345
-0.099606, 0.041476
-0.073012, -0.009861
-0.099606, -0.012456
-0.099606, 0.035863
-0.122170, 0.033543
-0.124588, 0.029616
-0.124588, 0.025321
-0.170522, 0.021030
-0.099606, 0.016240
-0.099606, -0.037566
-0.099606, 0.010019
-0.021437, -0.043941
-0.021437, -0.071833
-0.124588, -0.087919
-0.122170, 0.001681
-0.021437, 0.003263
-0.021437, 0.056832
-0.021437, 0.108819
-0.073012, 0.007444
-0.124588, 0.008763
-0.227738, 0.011549
-0.215650, 0.014311
-0.226932, 0.018931
-0.215650, 0.022166
-0.124588, 0.025481
-0.099606, -0.050138
-0.073012, -0.074182
-0.021437, -0.074709
-0.073012, -0.024599
-0.173745, 0.022080
-0.202756, -0.035337
-0.124588, 0.011775
-0.118947, 0.006729
-0.124588, 0.050998
-0.118947, 0.067665
-0.112500, 0.084562
-0.073012, -0.025460
-0.021437, -0.033321
0.030138, 0.035004
0.055925, -0.049911
0.030138, -0.057540
-0.021437, -0.063900
0.030138, 0.007353
0.055925, 0.031619
0.055925, -0.021554
0.030138, -0.020568
0.030138, 0.006469
0.055925, 0.035355
0.055925, -0.010224
0.030138, 0.047747
-0.073012, 0.004157
-0.021437, 0.012980
-0.021437, 0.048342
0.030138, 0.057312
0.080907, 0.043431
0.080907, 0.001298
0.055925, -0.041454
0.080907, -0.059364
0.080907, -0.078087
0.080907, -0.071619
0.055925, -0.065788
0.030138, 0.041414
-0.073012, 0.044080
-0.073012, -0.006781
-0.021437, -0.043370
-0.099606, 0.048210
-0.099606, 0.047043
-0.073012, -0.003629
-0.073012, 0.048537
-0.073012, -0.003284
-0.021437, 0.047599
-0.021437, -0.029908
-0.124588, -0.002687
-0.173745, 0.049482
-0.124588, -0.050657
-0.118947, 0.006203
-0.021437, -0.041279
-0.021437, -0.022966
-0.021437, -0.032486
0.030138, -0.001922
0.030138, 0.030662
0.055925, 0.036278
0.030138, 0.038942
0.080907, -0.010632
0.081713, -0.007853
0.080907, -0.057509
0.080907, -0.006189
0.081713, 0.018288
0.106695, -0.005862
0.106695, 0.017477
0.081713, 0.040411
0.081713, 0.011168
0.106695, 0.008435
0.081713, -0.017611
0.080907, -0.024194
0.080907, -0.027609
0.080907, -0.076203
0.055925, -0.009347
0.080907, -0.010736
0.080907, -0.011748
0.080907, 0.065216
0.080907, 0.064528
0.080907, -0.035930
0.080907, -0.030580
0.080907, 0.073938
0.030138, 0.080057
-0.020631, 0.083008
0.030138, 0.036326
-0.020631, -0.008824
-0.021437, -0.107595
-0.073012, -0.089907
-0.021437, -0.097072
0.080907, -0.079471
0.106695, 0.014130
0.081713, 0.038554
0.080907, 0.063529
0.080907, 0.113409
0.055925, 0.059898
-0.021437, -0.047217
-0.021437, -0.082566
-0.021437, -0.011000
-0.021437, -0.013037
0.030138, -0.027263
-0.021437, -0.030297
-0.021437, -0.037479
-0.021437, -0.010949
0.030138, 0.030057
0.030138, 0.068887
-0.020631, 0.080522
0.030138, 0.041090
0.080907, -0.020477
0.030138, 0.020705
0.030138, 0.034135
0.030138, 0.024417
0.055925, -0.009846
0.030138, -0.015698
0.030138, 0.002642
0.055925, -0.000371
0.080907, -0.028795
0.080907, -0.133460
0.080907, -0.081221
-0.021437, -0.079288
0.030138, -0.024971
0.093801, 0.032662
0.106695, 0.038615
0.084130, 0.020284
0.055925, 0.052480
0.055925, 0.061631
0.081713, 0.071366
0.132482, 0.059318
0.184057, 0.046382
0.080907, -0.046492
-0.021437, -0.040022
-0.021437, 0.022189
0.030138, -0.044163
0.080907, -0.036008
0.080907, -0.001184
0.055925, 0.002440
0.055925, 0.006409
-0.021437, 0.058178
0.030138, 0.055975
0.030138, -0.046449
0.055925, -0.102439
0.030138, -0.059173
0.030138, -0.063459
-0.021437, 0.023658
-0.073012, 0.010686
0.030138, -0.001410
0.030138, 0.039324
0.030138, 0.024706
0.055925, 0.037366
0.081713, -0.002767
0.081713, 0.034820
0.080907, 0.021582
0.055925, 0.009202
0.030138, -0.000461
-0.019020, -0.008718
-0.072207, 0.009002
0.030138, 0.005687
0.030138, -0.020295
0.055925, -0.022100
0.055925, 0.003625
-0.021437, -0.020637
-0.072207, -0.019068
-0.021437, -0.015617
-0.021437, -0.008458
-0.021437, -0.027205
-0.021437, 0.003887
0.030138, 0.011912
0.055925, 0.020756
0.055925, 0.025547
0.080907, 0.029743
0.080907, 0.036814
0.055925, 0.041807
0.055925, -0.004564
0.055925, -0.052068
0.055925, 0.001244
0.080907, -0.049375
0.080907, -0.049101
0.030138, -0.100545
-0.020631, -0.050016
0.030138, 0.054242
-0.021437, 0.082622
-0.021437, 0.057808
0.030138, 0.060586
0.030138, 0.062984
-0.021437, 0.037238
-0.073012, -0.041508
-0.021437, -0.039180
-0.021437, -0.035881
-0.021437, -0.035042
-0.021437, 0.017814
-0.021437, -0.033175
-0.021437, -0.032468
-0.021437, -0.031789
-0.124588, 0.019701
-0.099606, 0.018398
-0.073012, -0.032120
-0.073012, 0.015027
-0.073012, 0.062764
-0.073012, 0.008783
-0.072207, 0.004648
-0.021437, -0.000427
-0.021437, 0.020119
-0.021437, -0.011531
-0.021437, -0.017271
0.030138, 0.003382
0.030138, 0.021027
0.055925, 0.015187
-0.021437, 0.010087
-0.118947, -0.097873
-0.099606, -0.048555
-0.118947, 0.015078
-0.073012, 0.026787
-0.021437, 0.006241
-0.073012, -0.020484
-0.170522, -0.019604
-0.202756, 0.007978
-0.173745, 0.063367
-0.124588, 0.118579
-0.092353, 0.019183
-0.021437, -0.077053
-0.021437, -0.073095
-0.021437, -0.019229
-0.021437, 0.035273
-0.021437, 0.038483
-0.021437, 0.015892
-0.021437, 0.018904
-0.021437, -0.055466
-0.112500, -0.004069
-0.099606, -0.006301
-0.112500, 0.021409
-0.123782, -0.004894
-0.099606, -0.002895
-0.099606, -0.052938
-0.124588, -0.104842
-0.124588, -0.000515
-0.124588, 0.000638
-0.073012, 0.002792
-0.021437, 0.030377
0.055925, 0.058936
0.081713, 0.061659
0.106695, 0.062193
0.132482, 0.039073
0.132482, 0.014668
0.106695, -0.033110
0.081713, -0.085152
0.080907, 0.017850
0.081713, 0.018391
0.132482, 0.045379
0.132482, 0.045595
0.084130, -0.033623
0.106695, -0.086506
0.132482, -0.036782
0.081713, -0.040238
0.080907, -0.043974
0.030138, -0.046956
0.080907, 0.000812
0.030138, 0.024214
0.055925, 0.020063
0.030138, 0.043059
0.030138, 0.040335
0.055925, 0.013936
0.080907, 0.011641
0.055925, 0.012114
0.080907, 0.011626
0.030138, 0.038294
0.030138, 0.038544
0.030138, -0.008682
0.055925, -0.053261
0.030138, 0.004662
0.030138, -0.041236
0.055925, -0.033902
0.080907, 0.025588
-0.019020, 0.032920
-0.021437, -0.014056
-0.073012, -0.058305
-0.021437, -0.000054
-0.021437, 0.007372
0.055925, 0.014501
0.081713, 0.020557
0.081713, 0.024050
0.081713, 0.026780
0.080907, 0.029777
0.055925, -0.071078
0.080907, -0.046346
-0.099606, -0.019978
-0.073012, -0.020997
-0.072207, -0.019555
-0.021437, -0.020545
-0.021437, -0.019982
-0.021437, 0.029654
-0.099606, 0.027812
-0.021437, 0.025656
0.030138, 0.026968
0.030138, 0.078390
0.055925, 0.077813
0.055925, 0.104694
0.055925, 0.025452
0.030138, -0.071883
-0.021437, -0.050699
-0.021437, -0.067571
-0.072207, -0.018690
-0.021437, 0.035258
-0.021437, -0.011741
-0.021437, -0.105571
-0.019020, -0.132822
-0.021437, -0.097414
-0.021437, -0.044072
-0.021437, -0.009742
0.055925, 0.064330
0.080907, 0.069174
0.080907, 0.072594
0.055925, 0.075094
0.080907, 0.075674
0.080907, 0.077227
0.106695, 0.074823
0.106695, 0.073670
0.080907, -0.020809
0.030138, -0.012133
0.030138, -0.031154
0.030138, -0.048590
0.080907, -0.032342
0.080907, -0.042944
0.030138, -0.078115
0.030138, -0.089476
0.030138, -0.101298
0.055925, -0.062024
0.080907, -0.022205
0.055925, 0.042259
0.030138, 0.054623
0.055925, 0.066883
0.055925, 0.080802
0.030138, 0.068725
-0.019020, 0.029926
-0.019020, -0.003430
0.030138, -0.010468
0.055925, -0.014381
0.080907, 0.032844
0.030138, 0.029166
0.030138, -0.023282
0.030138, 0.000222
0.080907, 0.028075
0.080907, -0.018980
0.080907, -0.016616
0.080907, -0.061749
0.080907, -0.004355
-0.021437, -0.049122
0.030138, -0.017004
0.030138, -0.033462
0.055925, -0.027087
0.080907, 0.005953
0.080907, 0.037168
0.084130, 0.017351
0.106695, 0.047630
0.106695, 0.001540
0.081713, 0.004083
0.080907, 0.004373
0.030138, 0.032263
-0.021437, 0.005936
0.030138, 0.005682
0.081713, 0.033634
0.106695, 0.059277
0.132482, -0.041487
0.093801, -0.046532
0.080907, -0.099512
0.055925, -0.048189
0.030138, -0.048740
0.030138, 0.028954
0.030138, 0.056098
0.055925, 0.057654
0.030138, 0.060797
0.030138, 0.060129
0.030138, 0.037645
0.080907, 0.066545
0.080907, -0.109616
0.055925, -0.080097
0.055925, -0.075810
0.030138, -0.021715
0.080907, -0.017326
0.080907, -0.012573
0.030138, -0.088261
0.030138, -0.008364
0.030138, 0.046862
-0.021437, 0.048546
-0.021437, 0.075874
0.030138, 0.077101
0.055925, 0.075261
0.030138, 0.047518
-0.021437, -0.007753
-0.021437, -0.011147
0.030138, -0.063369
0.030138, -0.015795
-0.021437, -0.023020
0.030138, -0.030358
0.030138, -0.033178
0.030138, -0.041686
0.030138, -0.047635
0.030138, -0.052505
0.030138, 0.019591
-0.020631, 0.038891
-0.021437, 0.033309
-0.099606, 0.004012
-0.173745, 0.023993
-0.124588, 0.021192
-0.124588, 0.047077
-0.112500, 0.043890
-0.021437, 0.017720
0.030138, -0.032089
-0.021437, -0.032927
-0.021437, -0.033285
-0.019020, 0.019364
0.080907, 0.020970
0.030138, -0.027084
-0.021437, -0.027515
-0.021437, -0.024989
-0.021437, 0.004111
0.030138, 0.033464
0.030138, 0.012728
0.030138, -0.010585
0.030138, 0.018091
0.030138, 0.020270
-0.021437, -0.004582
-0.021437, -0.054173
-0.021437, -0.053491
-0.021437, -0.004945
-0.021437, 0.020925
-0.021437, 0.045548
-0.021437, -0.007557
-0.073012, -0.010118
-0.099606, -0.012183
-0.073012, 0.035742
-0.021437, 0.034183
0.030138, 0.030771
0.030138, 0.028799
0.055925, 0.024555
0.055925, -0.080464
-0.021437, -0.032996
-0.073012, -0.037442
-0.021437, -0.013588
-0.020631, 0.011530
0.055925, 0.009643
0.030138, 0.013363
-0.021437, 0.033032
-0.124588, 0.031342
-0.021437, 0.005763
0.080907, 0.009085
0.030138, -0.040975
0.030138, -0.093120
0.030138, -0.039727
0.030138, 0.014817
-0.021437, 0.039988
-0.020631, 0.066818
0.030138, 0.029601
-0.021437, 0.019523
0.030138, -0.004496
0.030138, -0.026005
0.055925, -0.023420
0.055925, -0.020641
0.055925, 0.006649
0.055925, -0.016958
-0.021437, -0.016865
-0.073012, -0.015183
-0.021437, 0.034128
-0.021437, 0.035147
-0.021437, 0.009802
0.030138, 0.011298
0.030138, -0.013543
-0.021437, 0.037276
0.030138, 0.035345
0.055925, -0.013638
0.080907, -0.011658
0.055925, -0.010288
-0.021437, -0.060808
-0.021437, -0.059016
0.030138, -0.003236
0.080907, 0.027288
0.055925, 0.004636
-0.020631, -0.043588
0.030138, -0.040408
0.080907, 0.018515
0.080907, 0.024659
0.055925, -0.021618
0.055925, 0.035536
-0.020631, 0.041011
-0.021437, 0.045747
-0.021437, 0.051370
-0.021437, 0.057423
-0.021437, 0.063001
-0.021437, 0.016610
-0.021437, 0.018271
-0.021437, -0.057579
0.030138, -0.130374
0.030138, -0.080079
0.080907, -0.080976
0.055925, -0.070319
0.055925, 0.015821
0.080907, 0.063677
0.080907, 0.007505
0.080907, 0.003185
0.080907, 0.001457
0.081713, 0.095678
0.082519, 0.039832
0.080907, -0.016310
0.080907, -0.019958
0.080907, -0.022273
0.080907, 0.027183
0.055925, 0.024980
0.106695, 0.024734
0.132482, 0.026570
0.081713, 0.027279
0.080907, -0.024169
0.055925, -0.022214
0.030138, -0.019171
0.080907, -0.015013
0.080907, -0.009407
