index, value, filtered
0, -4, 0
1, -12, 0
2, -12, 0
3, -12, 0
4, -12, 0
5, -12, 0
6, -12, 0
7, -12, 0
8, -12, 0
9, -12, 0
10, -12, 0
11, -12, 0
12, -12, 0
13, -12, 0
14, -12, 0
15, -12, 0
16, -12, 0
17, -12, 0
18, -12, 0
19, -13, 0
20, -12, 0
21, -17, 0
22, -12, 0
23, -17, 0
24, -17, 0
25, -17, 0
26, -17, 0
27, -17, 0
28, -17, 0
29, -17, 0
30, -17, 0
31, -17, 0
32, -17, 0
33, -17, 0
34, -17, 0
35, -12, 0
36, 10, 0
37, 10, 0
38, 10, 0
39, 10, 0
40, -12, 0
41, -19, 0
42, 10, 0
43, 10, 0
44, -21, 0
45, -19, 0
46, -21, 0
47, -21, 0
48, -21, 0
49, -21, 0
50, -21, 0
51, -21, 0
52, -21, 0
53, -21, 0
54, -21, 0
55, -21, 0
56, -21, 0
57, -21, 0
58, -21, 0
59, -21, 0
60, -21, 0
61, -21, 0
62, -21, 0
63, -21, 0
64, -21, 0
65, -35, 0
66, -17, 0
67, -12, 0
68, -3, 0
69, -3, 0
70, 10, 0
71, 14, 0
72, 14, 0
73, 14, -1
74, 26, -1
75, 26, 0
76, 27, -1
77, 28, 0
78, 28, 0
79, 28, 0
80, 27, 0
81, 28, 0
82, 28, 1
83, 28, 1
84, 27, 2
85, 26, 3
86, 26, 3
87, 27, 4
88, 27, 5
89, 27, 1
90, 14, -5
91, 14, -5
92, 26, -4
93, 26, -3
94, 14, -3
95, 14, -2
96, 14, -1
97, 14, -1
98, 26, 0
99, 14, 0
100, 14, 0
101, 14, 0
102, 14, 1
103, 14, 1
104, 14, 2
105, 14, 2
106, 14, 2
107, 14, 3
108, 14, 2
109, 14, 4
110, 14, 0
111, 14, 4
112, 14, 0
113, 14, 0
114, 14, -1
115, 14, -1
116, 26, -2
117, 14, -2
118, 14, -3
119, 27, -4
120, 27, -5
121, 27, -6
122, 26, -7
123, 27, -8
124, 26, -4
125, 28, 16
126, 28, 15
127, 28, 15
128, 28, 15
129, 28, -6
130, 28, -13
131, 28, 15
132, 28, 16
133, 28, -13
134, 28, -9
135, 28, -10
136, 28, -8
137, 28, -6
138, 28, -4
139, 28, -2
140, 28, 0
141, 28, 0
142, 28, 2
143, 28, 3
144, 28, 5
145, 28, 5
146, 35, 6
147, 28, 5
148, 35, 5
149, 35, 4
150, 35, 2
151, 35, 0
152, 35, -1
153, 35, -4
154, 40, -21
155, 38, -6
156, 38, -5
157, 38, 0
158, 41, -3
159, 41, 5
160, 41, 5
161, 40, 2
162, 40, -1
163, 41, 7
164, 41, 5
165, 41, 3
166, 41, 2
167, 41, 1
168, 41, 0
169, 41, -1
170, 41, -1
171, 41, -1
172, -67, -1
173, -118, -4
174, -118, -3
175, -118, -2
176, -118, 0
177, -118, 2
178, -118, 3
179, -118, -7
180, -67, -6
181, -67, 7
182, -67, 8
183, -67, -2
184, -66, -2
185, -49, -1
186, -49, 0
187, -37, 11
188, -36, 0
189, -36, 0
190, -35, 0
191, -35, 0
192, -35, 0
193, -35, 0
194, -28, -1
195, -25, 0
196, -28, -1
197, -28, -1
198, -25, -1
199, -17, -1
200, -17, -1
201, -17, -1
202, -17, -1
203, -17, -1
204, -12, -2
205, -12, 9
206, -17, -3
207, -12, -4
208, -12, 7
209, -12, 6
210, -12, 5
211, -12, 2
212, -12, 2
213, -12, 0
214, -12, 0
215, -12, 0
216, -12, -1
217, -12, -3
218, -12, -4
219, -12, -4
220, -12, -4
221, -12, -5
222, -12, -4
223, -12, -4
224, -12, -3
225, -12, -2
226, -12, 0
227, -12, 0
228, -12, 2
229, -17, 3
230, -12, 4
231, -12, 5
232, -12, 6
233, -17, 6
234, -17, 5
235, -17, 11
236, -17, 3
237, -17, 7
238, -17, 5
239, -17, 2
240, -17, -1
241, -20, -4
242, -17, -8
243, -17, -6
244, -12, -11
245, 10, -14
246, 10, -15
247, 10, -13
248, 10, -13
249, 10, -12
250, 10, -11
251, 10, -7
252, -19, -1
253, 10, 4
254, -21, 12
255, -21, 20
256, -21, 30
257, -21, 40
258, -21, 51
259, -21, 61
260, -21, 72
261, -21, -25
262, -21, -66
263, -21, -57
264, -21, -49
265, -21, -42
266, -21, -37
267, -21, -33
268, -21, -31
269, -21, 20
270, -21, 20
271, -21, 18
272, -21, 14
273, -35, 11
274, -17, 23
275, -3, 18
276, -3, 24
277, 12, 18
278, 12, 12
279, 12, 6
280, 14, 0
281, 14, -4
282, 26, -9
283, 27, -6
284, 28, -7
285, 27, -12
286, 27, -14
287, 28, -12
288, 28, -5
289, 28, -4
290, 27, -4
291, 27, -3
292, 28, -2
293, 28, 3
294, 28, 4
295, 27, 0
296, 26, 5
297, 26, 5
298, 27, 6
299, 14, 5
300, 14, 4
301, 14, 4
302, 14, 3
303, 14, 2
304, 14, 0
305, 14, 0
306, 14, -1
307, 14, -2
308, 14, -3
309, 14, -3
310, 14, -3
311, 14, -3
312, 14, -3
313, 14, -2
314, 14, -1
315, 14, 0
316, 14, 0
317, 26, 2
318, 14, -1
319, 14, 4
320, 14, 5
321, 14, 5
322, 14, 1
323, 14, 1
324, 14, 1
325, 26, 0
326, 28, 0
327, 14, -1
328, 14, -3
329, 26, -5
330, 28, -9
331, 28, -8
332, 28, -10
333, 28, -7
334, 27, 12
335, 28, 11
336, 28, 10
337, 28, 9
338, 28, 9
339, 28, 9
340, 28, 10
341, 28, -17
342, 28, 13
343, 28, -15
344, 28, -13
345, 28, -10
346, 28, -7
347, 28, -4
348, 28, 0
349, 28, 0
350, 28, 1
351, 28, 3
352, 35, 4
353, 35, 5
354, 35, 5
355, 28, 5
356, 35, 4
357, 35, 4
358, 35, 2
359, 35, 0
360, 35, -1
361, 35, -5
362, 35, -22
363, 38, -7
364, 41, 2
365, 35, -1
366, 35, 9
367, 41, 5
368, 41, 1
369, 41, 0
370, 41, -3
371, 41, 5
372, 41, 3
373, 41, 2
374, 41, 0
375, 41, -1
376, 41, -1
377, 41, -2
378, 41, -2
379, 41, -2
380, -4, -2
381, -118, -2
382, -118, -1
383, -118, 0
384, -118, 1
385, -118, 2
386, -118, 4
387, -118, 7
388, -118, -4
389, -67, -2
390, -67, 0
391, -67, 0
392, -67, 0
393, -49, 0
394, -49, 0
395, -36, 0
396, -36, 0
397, -36, 0
398, -36, 0
399, -35, 0
400, -35, 0
401, -35, -1
402, -35, -1
403, -29, -1
404, -28, -1
405, -25, -2
406, -22, 9
407, -25, -2
408, -19, -2
409, -17, -2
410, -17, -2
411, -17, -2
412, -12, -2
413, -12, -2
414, -12, 8
415, -12, 10
416, -12, -4
417, -12, -5
418, -12, 5
419, -12, 5
420, -12, 4
421, -12, 2
422, -12, 1
423, -12, 0
424, -12, -1
425, -12, -2
426, -12, -3
427, -12, -4
428, -12, -4
429, -12, -5
430, -12, -4
431, -12, -4
432, -12, -4
433, -12, -3
434, -12, -2
435, -12, 0
436, -12, 0
437, -12, 1
438, -12, 3
439, -12, 4
440, -12, 4
441, -12, 12
442, -12, 11
443, -17, 11
444, -17, 2
445, -17, 8
446, -17, 5
447, -17, 2
448, -17, 0
449, -17, -3
450, -19, -7
451, -19, -10
452, -12, -10
453, -19, -10
454, 10, -18
455, 10, -18
456, -12, -13
457, -19, -13
458, 10, -11
459, 10, -7
460, -19, -3
461, -19, 2
462, -19, 9
463, -21, 17
464, -21, 26
465, 10, 37
466, -21, 47
467, -21, 57
468, -21, 68
469, -21, 34
470, -21, -69
471, -21, -60
472, -21, -51
473, -21, -44
474, -21, -38
475, -21, -33
476, -21, -30
477, -21, -29
478, -21, 22
479, -21, 20
480, -21, 17
481, -35, 14
482, -19, 27
483, -4, 22
484, -3, 28
485, -3, 22
486, 12, 15
487, 14, 9
488, 14, 3
489, 14, -2
490, 27, -7
491, 27, -11
492, 26, -9
493, 27, -12
494, 26, -11
495, 28, -9
496, 28, -13
497, 27, -7
498, 26, -5
499, 28, -4
500, 27, -4
501, 28, 1
502, 27, 3
503, 27, 4
504, 14, 5
505, 14, 5
506, 14, 5
507, 26, 6
508, 27, 6
509, 14, 5
510, 14, 4
511, 14, 3
512, 14, 2
513, 14, 0
514, 14, 0
515, 14, -1
516, 14, -2
517, 14, -3
518, 14, -3
519, 14, -4
520, 14, -4
521, 14, -3
522, 14, -3
523, 14, -2
524, 14, -1
525, 14, 0
526, 14, 0
527, 14, 1
528, 14, 2
529, 14, 3
530, 14, 4
531, 26, 5
532, 27, 0
533, 14, 0
534, 14, 0
535, 27, 0
536, 26, 0
537, 14, -1
538, 27, -2
539, 26, -5
540, 28, -7
541, 28, -1
542, 28, -9
543, 28, 17
544, 28, 17
545, 28, -5
546, 28, -13
547, 28, 15
548, 28, 16
549, 28, -12
550, 28, -11
551, 28, -10
552, 28, -10
553, 28, -8
554, 28, 24
555, 35, -4
556, 35, -1
557, 28, 0
558, 35, 0
559, 35, 1
560, 35, 2
561, 35, 3
562, 28, 3
563, 35, 3
564, 35, 3
565, 35, 2
566, 35, 1
567, 35, 0
568, 35, -2
569, 35, -4
570, 35, -21
571, 38, -8
572, 40, 2
573, 40, 0
574, 41, -3
575, 41, 7
576, 41, 5
577, 41, 2
578, 41, -1
579, 41, 8
580, 41, 5
581, 41, 2
582, 41, 1
583, 41, -1
584, 41, 0
585, 41, -1
586, 41, -2
587, -67, -3
588, -118, -3
589, -118, -2
590, -118, 0
591, -118, 0
592, -118, 2
593, -118, -8
594, -118, -6
595, -67, -4
596, -67, 9
597, -67, 10
598, -67, -1
599, -49, 0
600, -49, 0
601, -49, 0
602, -36, 0
603, -36, 1
604, -35, 0
605, -35, 0
606, -35, 0
607, -35, 0
608, -35, 0
609, -28, -1
610, -28, -1
611, -28, -1
612, -28, -1
613, -28, -1
614, -25, -1
615, -19, -1
616, -17, -1
617, -17, -1
618, -17, -1
619, -17, -1
620, -12, 9
621, -12, 10
622, -12, -3
623, -12, -3
624, -17, 8
625, -12, 5
626, -17, -7
627, -17, 4
628, -17, 1
629, -17, 2
630, -17, 0
631, -19, 0
632, -19, -1
633, -19, -3
634, -12, -4
635, -12, -4
636, -12, -4
637, -12, -5
638, 10, -5
639, -21, -4
640, 10, -3
641, -21, -2
642, 10, -1
643, 10, 0
644, -20, 7
645, -21, 8
646, -21, 2
647, -21, 10
648, -21, 10
649, -21, 10
650, -21, 9
651, -21, 1
652, -21, 6
653, -21, 3
654, -21, 1
655, -21, -1
656, -21, -5
657, -21, -8
658, -21, -11
659, -21, -14
660, -35, -13
661, -28, -13
662, -17, -14
663, -3, -12
664, -3, -11
665, -3, -8
666, 14, -5
667, 14, 0
668, 14, 5
669, 26, 13
670, 27, 21
671, 27, 30
672, 28, 40
673, 28, 50
674, 27, 60
675, 26, 71
676, 28, -26
677, 28, -67
678, 28, -58
679, 26, -50
680, 27, -44
681, 27, -38
682, 27, -34
683, 28, -32
684, 14, 19
685, 26, 19
686, 26, 17
687, 26, 14
688, 27, 28
689, 14, 23
690, 14, 17
691, 14, 24
692, 14, 18
693, 14, 12
694, 14, 6
695, 14, 0
696, 14, -5
697, 14, -10
698, 14, -7
699, 14, -10
700, 14, -13
701, 14, -14
702, 14, -15
703, 14, -12
704, 14, -6
705, 14, -3
706, 14, -2
707, 14, -1
708, 26, 0
709, 14, 7
710, 14, 8
711, 14, 9
712, 14, 10
713, 14, 5
714, 14, 10
715, 14, 4
716, 14, 3
717, 26, 2
718, 26, 1
719, 28, 0
720, 28, -4
721, 28, -6
722, 28, -8
723, 28, -3
724, 28, -4
725, 28, -6
726, 28, -7
727, 28, 14
728, 28, -16
729, 28, 14
730, 28, -15
731, 28, 16
732, 28, 18
733, 28, -9
734, 28, -8
735, 28, -5
736, 28, -3
737, 28, -1
738, 28, 0
739, 28, 2
740, 28, 3
741, 35, 4
742, 35, 5
743, 28, 5
744, 35, 5
745, 35, 4
746, 35, 2
747, 35, 0
748, 35, -1
749, 35, -18
750, 35, -15
751, 40, -7
752, 41, 2
753, 38, -1
754, 41, -5
755, 41, 7
756, 41, 3
757, 41, 0
758, 41, 9
759, 41, 7
760, 41, 4
761, 41, 3
762, 41, 2
763, 41, 0
764, 41, -1
765, 41, -2
766, 41, -2
767, 41, -2
768, -12, -4
769, -118, -4
770, -118, -4
771, -118, -2
772, -118, 1
773, -118, -10
774, -118, 3
775, -118, 4
776, -67, 7
777, -67, 10
778, -67, -2
779, -67, -1
780, -51, 0
781, -49, 0
782, -49, 0
783, -49, 0
784, -36, 0
785, -36, 0
786, -35, 0
787, -35, 0
788, -35, 0
789, -35, -1
790, -28, -1
791, -28, -1
792, -28, -1
793, -28, -1
794, -25, -1
795, -23, -1
796, -19, -1
797, -17, 11
798, -17, 0
799, -17, 0
800, -12, 0
801, -17, 0
802, -17, -1
803, -12, -1
804, -12, -2
805, -12, -3
806, -12, 6
807, -12, 5
808, -17, 5
809, -12, 4
810, -12, 2
811, -12, 0
812, -12, 0
813, -12, -2
814, -12, -3
815, -12, -3
816, -12, -5
817, -12, -4
818, -12, -5
819, -12, -4
820, -12, -3
821, -12, -2
822, -12, -1
823, -12, 0
824, -12, 1
825, -12, 2
826, -12, 3
827, -12, 4
828, -13, 5
829, -12, 5
830, -17, 12
831, -17, 11
832, -17, 2
833, -17, 7
834, -17, 5
835, -17, 2
836, -17, 0
837, -17, -4
838, -19, -7
839, -19, -11
840, -12, -9
841, -12, -10
842, 10, -15
843, 10, -13
844, 10, -13
845, 10, -12
846, 10, -10
847, 10, -7
848, 10, -2
849, 10, 2
850, -19, 9
851, -19, 17
852, -21, 26
853, -21, 36
854, -21, 46
855, -21, 57
856, -21, 67
857, -21, 25
858, -21, -70
859, -21, -61
860, -21, -53
861, -21, -46
862, -21, -41
863, -21, -36
864, -21, -33
865, -21, 18
866, -21, 18
867, -21, 16
868, -21, 14
869, -35, 26
870, -17, 23
871, -12, 18
872, -3, 12
873, -3, 19
874, 12, 12
875, 14, 7
876, 14, 1
877, 14, -3
878, 14, -8
879, 26, -5
880, 27, -8
881, 28, -11
882, 27, -13
883, 27, -11
884, 28, -10
885, 28, -5
886, 28, -3
887, 28, -2
888, 27, -1
889, 26, 4
890, 28, 0
891, 28, 0
892, 14, 6
893, 27, 6
894, 26, 6
895, 26, 6
896, 26, 6
897, 14, 0
898, 14, 3
899, 14, 2
900, 14, 1
901, 14, 0
902, 14, -1
903, 14, -2
904, 14, -3
905, 14, -3
906, 14, -4
907, 14, -4
908, 14, -3
909, 14, -3
910, 14, -2
911, 14, -1
912, 14, 0
913, 14, 1
914, 14, 2
915, 14, 3
916, 14, 4
917, 14, 4
918, 14, 6
919, 14, 1
920, 26, 1
921, 14, 1
922, 14, 0
923, 26, 0
924, 28, -2
925, 28, -4
926, 14, -6
927, 26, -10
928, 26, -11
929, 27, -6
930, 28, -8
931, 28, 11
932, 28, 10
933, 28, 9
934, 28, 9
935, 28, 9
936, 28, 9
937, 28, 10
938, 28, 11
939, 28, -15
940, 28, -13
941, 28, -12
942, 28, -9
943, 28, -6
944, 28, -3
945, 28, 0
946, 35, 0
947, 35, 1
948, 28, 3
949, 35, 4
950, 35, 5
951, 28, 5
952, 35, 4
953, 35, 4
954, 35, 3
955, 35, 2
956, 35, 0
957, 35, -2
958, 35, -19
959, 35, -5
960, 35, -4
961, 35, 1
962, 35, -2
963, 41, 8
964, 41, 6
965, 40, 2
966, 41, 0
967, 41, -3
968, 41, 5
969, 41, 3
970, 41, 2
971, 41, 0
972, 41, -1
973, 41, -1
974, 41, -1
975, 41, -1
976, 41, -1
977, -4, -2
978, -118, -3
979, -118, -1
980, -118, 1
981, -118, -11
982, -118, 3
983, -118, 4
984, -118, 6
985, -67, 7
986, -67, -2
987, -67, -1
988, -67, 0
989, -67, 0
990, -49, 0
991, -49, 0
992, -49, 0
993, -36, 0
994, -36, 0
995, -35, 0
996, -35, 0
997, -35, 0
998, -35, 0
999, -35, -1
1000, -28, -1
1001, -28, -1
1002, -28, -1
1003, -28, -1
1004, -28, -1
1005, -25, -1
1006, -17, -1
1007, -17, -2
1008, -17, -2
1009, -17, 9
1010, -13, -2
1011, -13, -3
1012, -13, 7
1013, -12, 9
1014, -12, 8
1015, -17, -7
1016, -12, 3
1017, -12, 2
1018, -12, 1
1019, -12, 1
1020, -12, 0
1021, -12, -1
1022, -12, -2
1023, -12, -3
1024, -12, -4
1025, -12, -4
1026, -12, -4
1027, -12, -5
1028, -12, -5
1029, -12, -4
1030, -12, -3
1031, -12, -2
1032, -12, -1
1033, -12, 0
1034, -12, 1
1035, -12, 9
1036, -12, 10
1037, -13, 3
1038, -12, 11
1039, -17, 10
1040, -12, 3
1041, -17, 8
1042, -12, 7
1043, -17, 4
1044, -12, 2
1045, -17, 0
1046, -19, -4
1047, -19, -7
1048, -17, -10
1049, -12, -13
1050, -12, -15
1051, -12, -17
1052, -19, -12
1053, 10, -12
1054, 10, -12
1055, -12, -9
1056, -19, -6
1057, 10, -2
1058, -19, 3
1059, 10, 10
1060, -21, 18
1061, -21, 26
1062, -21, 36
1063, -21, 46
1064, -21, 56
1065, -21, 67
1066, -21, 32
1067, -21, -71
1068, -21, -62
1069, -21, -54
1070, -21, -47
1071, -21, -41
1072, -21, -37
1073, -21, -34
1074, -21, 18
1075, -21, 18
1076, -21, 17
1077, -21, 15
1078, -21, 11
1079, -28, 25
1080, -17, 19
1081, -3, 14
1082, -3, 21
1083, -3, 15
1084, 12, 10
1085, 14, 4
1086, 14, -1
1087, 14, -5
1088, 26, -10
1089, 28, -6
1090, 27, -9
1091, 27, -11
1092, 26, -13
1093, 28, -14
1094, 28, -11
1095, 27, -3
1096, 27, -2
1097, 26, -1
1098, 26, -1
1099, 26, 3
1100, 27, 4
1101, 27, 5
1102, 14, 6
1103, 26, 6
1104, 26, 1
1105, 26, 6
1106, 14, 5
1107, 14, 4
1108, 26, 3
1109, 26, 2
1110, 26, 1
1111, 14, 0
1112, 14, -1
1113, 14, -2
1114, 14, -3
1115, 14, -3
1116, 14, -4
1117, 14, -4
1118, 14, -3
1119, 14, -3
1120, 14, -2
1121, 14, -1
1122, 14, 0
1123, 14, 0
1124, 14, 1
1125, 14, 2
1126, 14, 2
1127, 14, 4
1128, 26, 0
1129, 14, 5
1130, 14, 0
1131, 26, 5
1132, 26, 0
1133, 26, 4
1134, 28, -1
1135, 28, -4
1136, 26, -5
1137, 28, -5
1138, 28, -1
1139, 28, -2
1140, 28, -3
1141, 28, -11
1142, 28, 16
1143, 28, 16
1144, 28, -5
1145, 28, -12
1146, 28, 17
1147, 28, -10
1148, 28, 19
1149, 28, -10
1150, 28, -8
1151, 28, -6
1152, 28, -3
1153, 28, -1
1154, 35, 0
1155, 35, 0
1156, 35, 1
1157, 28, 2
1158, 35, 3
1159, 35, 3
1160, 35, 3
1161, 35, 3
1162, 35, 3
1163, 35, 2
1164, 35, 0
1165, 35, 0
1166, 35, -3
1167, 35, -5
1168, 35, -15
1169, 35, -8
1170, 38, 2
1171, 40, 0
1172, 41, -4
1173, 38, 7
1174, 41, 5
1175, 40, 2
1176, 41, -1
1177, 41, 7
1178, 41, 7
1179, 41, 3
1180, 41, 1
1181, 41, 0
1182, 41, 0
1183, 41, 0
1184, 41, -2
1185, 41, -2
1186, -37, -3
1187, -118, -4
1188, -118, -4
1189, -118, -1
1190, -118, 0
1191, -118, -11
1192, -118, 2
1193, -118, 3
1194, -67, 5
1195, -67, -4
1196, -67, -4
1197, -67, 8
1198, -66, 9
1199, -49, 10
1200, -49, -1
1201, -37, -1
1202, -36, 0
1203, -36, 0
1204, -35, 0
1205, -35, -1
1206, -35, -1
1207, -35, -1
1208, -28, -1
1209, -28, -1
1210, -28, -2
1211, -28, -2
1212, -28, -2
1213, -23, -2
1214, -17, -2
1215, -17, -2
1216, -17, -3
1217, -17, 8
1218, -17, -3
1219, -17, -4
1220, -12, 7
1221, -12, 6
1222, -12, 5
1223, -12, 6
1224, -12, 5
1225, -12, 1
1226, -12, 2
1227, -12, 1
1228, -12, 0
1229, -12, -1
1230, -4, -2
1231, -12, -3
1232, -12, -4
1233, -12, -5
1234, -12, -5
1235, -12, -6
1236, -12, -5
1237, -12, -5
1238, -12, -4
1239, -12, -3
1240, -12, -2
1241, -12, -1
1242, -17, 0
1243, -12, 8
1244, -12, 9
1245, -12, 9
1246, -12, 3
1247, -17, 10
1248, -17, 9
1249, -12, 9
1250, -17, 7
1251, -12, 5
1252, -12, 3
1253, -17, 0
1254, -17, -2
1255, -17, -5
1256, -17, -8
1257, -17, -12
1258, -19, -14
1259, -12, -13
1260, -12, -13
1261, -19, -13
1262, 10, -15
1263, 10, -11
1264, 10, -10
1265, 10, -5
1266, 10, 0
1267, -19, 4
1268, -21, 11
1269, 10, 20
1270, -21, 29
1271, -21, 38
1272, -21, 49
1273, -21, 59
1274, -21, 69
1275, -21, 2
1276, -21, -69
1277, -21, -60
1278, -21, -52
1279, -21, -45
1280, -21, -40
1281, -21, -35
1282, -21, -33
1283, -21, 19
1284, -21, 18
1285, -21, 17
1286, -21, 14
1287, -35, 11
1288, -19, 23
1289, -12, 18
1290, -3, 24
1291, -3, 19
1292, 12, 13
1293, 12, 8
1294, 14, 2
1295, 26, -3
1296, 27, -7
1297, 27, -5
1298, 26, -8
1299, 27, -11
1300, 28, -13
1301, 28, -14
1302, 28, -10
1303, 27, -4
1304, 27, -4
1305, 26, -3
1306, 27, -2
1307, 27, -1
1308, 27, 0
1309, 14, 5
1310, 26, 5
1311, 26, 6
1312, 14, 6
1313, 28, 6
1314, 14, 5
1315, 14, 4
1316, 14, 3
1317, 26, 2
1318, 14, 1
1319, 14, 7
1320, 14, -1
1321, 14, -2
1322, 14, -3
1323, 14, -4
1324, 14, -4
1325, 14, -4
1326, 14, -4
1327, 14, -4
1328, 14, -3
1329, 14, -2
1330, 14, -1
1331, 14, -4
1332, 14, 1
1333, 14, 2
1334, 14, 4
1335, 14, 5
1336, 14, 1
1337, 14, 1
1338, 27, 6
1339, 27, 2
1340, 14, 6
1341, 26, 5
1342, 26, 0
1343, 28, -1
1344, 28, -3
1345, 28, -5
1346, 27, -6
1347, 28, -10
1348, 28, -5
1349, 28, -6
1350, 28, -14
1351, 28, 13
1352, 28, 12
1353, 28, 12
1354, 28, 12
1355, 28, 13
1356, 28, -14
1357, 28, -14
1358, 28, 17
1359, 28, -10
1360, 28, -8
1361, 28, -5
1362, 28, -2
1363, 28, 0
1364, 35, 0
1365, 35, 1
1366, 28, 2
1367, 28, 3
1368, 35, 4
1369, 35, 4
1370, 35, 3
1371, 35, 3
1372, 35, 2
1373, 35, 1
1374, 35, -1
1375, 35, -4
1376, 35, -20
1377, 40, -8
1378, 35, -4
1379, 35, 0
1380, 38, -3
1381, 40, 7
1382, 41, 3
1383, 41, 1
1384, 40, 10
1385, 41, 8
1386, 41, 5
1387, 41, 1
1388, 41, 0
1389, 41, 0
1390, 41, -1
1391, 41, -1
1392, 41, -2
1393, 41, -2
1394, -22, -3
1395, -118, -3
1396, -118, -2
1397, -118, 0
1398, -118, -11
1399, -118, 2
1400, -118, 4
1401, -118, -5
1402, -67, 9
1403, -67, -2
1404, -67, -1
1405, -67, 0
1406, -51, 11
1407, -49, 0
1408, -49, 0
1409, -49, 0
1410, -36, 0
1411, -36, 0
1412, -35, 0
1413, -35, 0
1414, -35, 0
1415, -28, 0
1416, -35, -1
1417, -28, -1
1418, -28, -1
1419, -25, -2
1420, -17, -2
1421, -22, -2
1422, -17, -2
1423, -17, -2
1424, -19, -2
1425, -17, -3
1426, -17, -3
1427, -12, 9
1428, -12, 8
1429, -17, -4
1430, -12, 6
1431, -12, 5
1432, -12, 5
1433, -12, 4
1434, -12, 3
1435, -12, 0
1436, -12, 0
1437, -12, -1
1438, -12, -2
1439, -12, -3
1440, -12, -4
1441, -4, -4
1442, -12, -5
1443, -12, -5
1444, -12, -5
1445, -12, -5
1446, -12, -3
1447, -12, -2
1448, -12, -1
1449, -12, 0
1450, -12, 0
1451, -17, 2
1452, -12, 3
1453, -12, 11
1454, -12, 11
1455, -17, 4
1456, -12, 4
1457, -17, 10
1458, -12, 9
1459, -17, 7
1460, -17, 4
1461, -17, 2
1462, -17, -1
1463, -17, -4
1464, -17, -7
1465, -17, -11
1466, -12, -8
1467, 10, -15
1468, -12, -17
1469, -12, -16
1470, -12, -13
1471, -19, -12
1472, 10, -9
1473, 10, -6
1474, 10, -1
1475, 10, 4
1476, -19, 11
1477, -21, 18
1478, -21, 28
1479, 10, 37
1480, -21, 48
1481, -21, 58
1482, -21, 68
1483, -21, 15
1484, -21, -70
1485, -21, -61
1486, -21, -53
1487, -21, -46
1488, -21, -40
1489, -21, -36
1490, -21, -33
1491, -21, 18
1492, -21, 18
1493, -21, 16
1494, -21, 14
1495, -21, 26
1496, -35, 23
1497, -17, 18
1498, -3, 12
1499, -3, 19
1500, 10, 12
1501, 14, 7
1502, 14, 1
1503, 14, -3
1504, 14, -1
1505, 26, -12
1506, 27, -9
1507, 28, -12
1508, 28, -11
1509, 27, -4
1510, 28, -10
1511, 28, -5
1512, 28, -4
1513, 28, -6
1514, 28, -3
1515, 14, -2
1516, 26, 3
1517, 27, 4
1518, 26, 0
1519, 14, 6
1520, 14, 6
1521, 14, 6
1522, 14, 5
1523, 14, 5
1524, 14, 4
1525, 14, 2
1526, 14, 1
1527, 26, 0
1528, 26, 0
1529, 26, -2
1530, 14, 4
1531, 14, -4
1532, 14, -4
1533, 14, -4
1534, 14, -4
1535, 14, -4
1536, 14, -3
1537, 14, -2
1538, 14, -1
1539, 14, 0
1540, 14, -4
1541, 14, 2
1542, 14, 3
1543, 14, 4
1544, 14, 0
1545, 14, 6
1546, 14, 1
1547, 14, 6
1548, 14, 1
1549, 26, 0
1550, 26, 0
1551, 28, -1
1552, 28, -2
1553, 26, -4
1554, 27, -6
1555, 28, -2
1556, 28, 17
1557, 28, -6
1558, 28, -7
1559, 28, -8
1560, 28, -16
1561, 28, 12
1562, 28, 12
1563, 28, 13
1564, 28, 13
1565, 28, -13
1566, 28, -14
1567, 28, -11
1568, 28, 21
1569, 28, -7
1570, 28, -3
1571, 28, -1
1572, 28, -1
1573, 28, 0
1574, 35, 1
1575, 28, 3
1576, 35, 3
1577, 28, 4
1578, 35, 3
1579, 35, 3
1580, 35, 3
1581, 35, 1
1582, 35, 0
1583, 35, -2
1584, 35, -5
1585, 35, -22
1586, 38, -8
1587, 38, 1
1588, 41, -1
1589, 41, 7
1590, 41, 7
1591, 38, 3
1592, 41, 0
1593, 41, -2
1594, 41, 6
1595, 41, 4
1596, 41, 3
1597, 41, 2
1598, 41, 0
1599, 41, 0
1600, 41, 0
1601, 41, 0
1602, 27, 0
1603, -118, 0
1604, -118, -14
1605, -118, 0
1606, -118, 2
1607, -118, 3
1608, -118, -6
1609, -118, -5
1610, -68, -3
1611, -67, -2
1612, -67, -1
1613, -67, -1
1614, -67, 0
1615, -51, 0
1616, -49, 11
1617, -49, 11
1618, -36, 11
1619, -36, 0
1620, -35, -1
1621, -35, -1
1622, -35, -1
1623, -35, -2
1624, -29, -2
1625, -28, -2
1626, -25, -2
1627, -23, -2
1628, -19, -2
1629, -17, -1
1630, -19, -1
1631, -20, -1
1632, -17, -1
1633, -12, -1
1634, -17, -1
1635, -17, -1
1636, -13, -2
1637, -12, -2
1638, -12, 8
1639, -12, 7
1640, -17, 8
1641, -12, 6
1642, -12, 3
1643, -12, 2
1644, -12, 2
1645, -12, 0
1646, -4, -1
1647, -12, -2
1648, -12, -4
1649, -12, -5
1650, -12, -5
1651, -12, -5
1652, -12, -5
1653, -12, -5
1654, -12, -4
1655, -17, -3
1656, -12, -1
1657, -12, 0
1658, -12, 0
1659, -12, 2
1660, -17, 3
1661, -13, 4
1662, -17, 5
1663, -12, 12
1664, -17, 5
1665, -17, 11
1666, -12, 3
1667, -17, 8
1668, -17, 6
1669, -17, 3
1670, -17, 0
1671, -12, -2
1672, -17, -6
1673, -19, -10
1674, 10, -13
1675, 10, -12
1676, 10, -14
1677, -12, -13
1678, -19, -13
1679, 10, -13
1680, 10, -13
1681, 10, -8
1682, -19, -3
1683, -21, 1
1684, 10, 8
1685, -21, 16
1686, -21, 24
1687, -21, 34
1688, -21, 44
1689, -21, 54
1690, -21, 65
1691, -21, 61
1692, -21, -73
1693, -21, -64
1694, -21, -55
1695, -21, -48
1696, -21, -42
1697, -21, -38
1698, -21, -34
1699, -21, 16
1700, -21, 18
1701, -21, 16
1702, -35, 14
1703, -19, 10
1704, -12, 22
1705, -3, 19
1706, -3, 14
1707, 10, 20
1708, 14, 14
1709, 14, 9
1710, 14, 2
1711, 26, -2
1712, 26, -7
1713, 27, -6
1714, 27, -8
1715, 27, -8
1716, 28, -9
1717, 28, -6
1718, 28, -5
1719, 28, -7
1720, 28, -8
1721, 28, -4
1722, 27, 1
1723, 26, -3
1724, 27, -2
1725, 27, 2
1726, 14, 4
1727, 14, 4
1728, 14, 5
1729, 14, 0
1730, 14, 5
1731, 14, 4
1732, 14, 3
1733, 14, 2
1734, 14, 1
1735, 14, 8
1736, 14, 0
1737, 14, -1
1738, 14, -2
1739, 14, -2
1740, 14, -3
1741, 26, -3
1742, 14, -2
1743, 14, -2
1744, 14, -6
1745, 14, -1
1746, 14, 0
1747, 14, 1
1748, 14, 2
1749, 14, -1
1750, 14, 2
1751, 14, 0
1752, 14, 5
1753, 14, 0
1754, 26, 0
1755, 14, 5
1756, 26, 0
1757, 14, -1
1758, 28, -3
1759, 28, -4
1760, 28, -1
1761, 26, -7
1762, 28, -11
1763, 28, 15
1764, 28, 14
1765, 28, 13
1766, 28, -9
1767, 28, -17
1768, 28, 11
1769, 28, 11
1770, 28, 12
1771, 28, -15
1772, 28, -15
1773, 28, 17
1774, 28, -11
1775, 28, -9
1776, 28, -6
1777, 28, -3
1778, 28, 0
1779, 28, 2
1780, 35, 2
1781, 28, 3
1782, 28, 4
1783, 35, 5
1784, 35, 5
1785, 35, 5
1786, 35, 3
1787, 35, 3
1788, 35, 1
1789, 35, 0
1790, 35, -3
1791, 38, -20
1792, 41, -7
1793, 35, -4
1794, 35, 0
1795, 35, -3
1796, 41, 5
1797, 41, 5
1798, 41, 1
1799, 41, -1
1800, 41, 7
1801, 41, 4
1802, 41, 2
1803, 41, 0
1804, 41, 0
1805, 41, 0
1806, 41, -1
1807, 41, -1
1808, 41, -1
1809, -12, 0
1810, -118, -1
1811, -118, -1
1812, -118, 0
1813, -118, 2
1814, -118, 4
1815, -118, -6
1816, -118, -4
1817, -118, -3
1818, -67, -1
1819, -67, 0
1820, -67, 0
1821, -67, 1
1822, -49, 1
1823, -49, 1
1824, -49, 1
1825, -36, 1
1826, -36, 0
1827, -35, 0
1828, -35, 0
1829, -35, 0
1830, -28, 10
1831, -28, -1
1832, -28, -2
1833, -25, -2
1834, -17, -2
1835, -19, -2
1836, -17, -2
1837, -17, -2
1838, -17, -2
1839, -17, -2
1840, -19, -2
1841, -17, -2
1842, -17, -2
1843, -12, 9
1844, -12, -3
1845, -17, 7
1846, -12, -4
1847, -12, 7
1848, -12, 6
1849, -12, 5
1850, -12, 1
1851, -12, 2
1852, -4, 0
1853, -12, 0
1854, -12, -2
1855, -12, -4
1856, -12, -4
1857, -12, -5
1858, -12, -5
1859, -12, -5
1860, -4, -5
1861, -12, -4
1862, -12, -3
1863, -12, -2
1864, -12, -1
1865, -12, 0
1866, -17, 1
1867, -12, 3
1868, -13, 4
1869, -12, 11
1870, -12, 5
1871, -17, 5
1872, -17, 11
1873, -12, 10
1874, -17, 8
1875, -12, 6
1876, -17, 3
1877, -17, 0
1878, -19, -3
1879, -17, -7
1880, -12, -7
1881, -12, -7
1882, 10, -16
1883, 10, -18
1884, 10, -19
1885, 10, -13
1886, 10, -13
1887, 10, -11
1888, 10, -7
1889, 10, -3
1890, -19, 2
1891, -21, 9
1892, -19, 17
1893, -20, 27
1894, -21, 37
1895, -21, 47
1896, -21, 58
1897, -21, 69
1898, -21, 27
1899, -21, -68
1900, -21, -58
1901, -21, -49
1902, -21, -42
1903, -21, -36
1904, -21, -32
1905, -21, -29
1906, -21, -27
1907, -21, 22
1908, -21, 21
1909, -21, 18
1910, -35, 14
1911, -28, 26
1912, -17, 21
1913, -3, 14
1914, -3, 21
1915, -3, 14
1916, 12, 8
1917, 14, 1
1918, 14, -3
1919, 14, -2
1920, 27, -6
1921, 27, -10
1922, 27, -10
1923, 28, -4
1924, 28, -8
1925, 28, -6
1926, 28, -6
1927, 28, -6
1928, 28, -5
1929, 28, -6
1930, 27, -3
1931, 27, -1
1932, 26, 4
1933, 28, 5
1934, 14, 0
1935, 26, 5
1936, 14, 6
1937, 14, 5
1938, 14, 4
1939, 14, 3
1940, 14, 2
1941, 14, 9
1942, 14, 0
1943, 14, 0
1944, 14, -2
1945, 14, -3
1946, 14, -3
1947, 14, -4
1948, 14, -4
1949, 14, 3
1950, 14, -3
1951, 14, -3
1952, 14, -2
1953, 14, 0
1954, 14, 0
1955, 14, -3
1956, 14, 2
1957, 14, 2
1958, 14, 4
1959, 14, 4
1960, 14, 0
1961, 14, 0
1962, 14, 4
1963, 14, -1
1964, 26, 2
1965, 14, -3
1966, 14, -5
1967, 26, -9
1968, 28, -9
1969, 26, -6
1970, 28, -7
1971, 28, 12
1972, 28, 10
1973, 28, 9
1974, 28, 9
1975, 28, 8
1976, 28, 9
1977, 28, 9
1978, 28, 10
1979, 28, -16
1980, 28, -16
1981, 28, -12
1982, 28, -10
1983, 28, -8
1984, 28, -5
1985, 28, -2
1986, 28, 0
1987, 28, 1
1988, 28, 3
1989, 28, 4
1990, 28, 6
1991, 35, 6
1992, 35, 7
1993, 28, 6
1994, 35, 5
1995, 35, 5
1996, 35, 3
1997, 35, 1
1998, 38, -1
1999, 35, -18
2000, 35, -14
2001, 35, -7
2002, 41, 2
2003, 40, -1
2004, 35, -5
2005, 35, 5
2006, 40, 3
2007, 41, 0
2008, 41, -2
2009, 41, 7
2010, 41, 4
2011, 41, 2
2012, 41, 1
2013, 41, 0
2014, 41, 0
2015, 41, 0
2016, 41, 0
2017, 41, 0
2018, -67, 0
2019, -118, -2
2020, -118, 0
2021, -118, 0
2022, -118, 4
2023, -118, -7
2024, -118, 5
2025, -67, -4
2026, -67, -2
2027, -67, -1
2028, -67, 0
2029, -67, 0
2030, -51, 0
2031, -49, 1
2032, -49, 1
2033, -49, 1
2034, -36, 1
2035, -36, 1
2036, -35, 0
2037, -35, 0
2038, -35, 0
2039, -35, 0
2040, -28, 0
2041, -25, 0
2042, -22, 0
2043, -19, 0
2044, -19, 0
2045, -17, 0
2046, -17, 0
2047, -17, 0
2048, -17, 0
2049, -17, 0
2050, -12, 0
2051, -12, -1
2052, -12, -1
2053, -17, 9
2054, -12, -3
2055, -12, -4
2056, -12, 5
2057, -12, 6
2058, -12, 2
2059, -12, 3
2060, -17, 2
2061, -12, 0
2062, -12, 0
2063, -12, -2
2064, -12, -3
2065, -12, -3
2066, -12, -4
2067, -12, -4
2068, -12, -4
2069, -12, -4
2070, -12, -3
2071, -12, -2
2072, -12, -1
2073, -12, 0
2074, -12, 1
2075, -12, 2
2076, -13, 3
2077, -12, 4
2078, -12, 5
2079, -12, 5
2080, -17, 11
2081, -17, 10
2082, -17, 2
2083, -17, 7
2084, -17, 5
2085, -17, 2
2086, -17, 0
2087, -17, -1
2088, -17, -7
2089, -19, -10
2090, 10, -13
2091, 10, -9
2092, 10, -12
2093, 10, -18
2094, 10, -18
2095, 10, -11
2096, 10, -8
2097, 10, -4
2098, -19, 0
2099, -21, 5
2100, -19, 12
2101, -21, 21
2102, -21, 30
2103, -21, 39
2104, -21, 49
2105, -21, 60
2106, -21, 70
2107, -21, -27
2108, -21, -69
2109, -21, -60
2110, -21, -52
2111, -21, -46
2112, -21, -41
2113, -21, -37
2114, -21, 15
2115, -21, 16
2116, -21, 16
2117, -21, 14
2118, -21, 11
2119, -35, 23
2120, -20, 20
2121, -12, 15
2122, -3, 9
2123, -3, 16
2124, 12, 10
2125, 12, 5
2126, 14, 0
2127, 14, -5
2128, 26, -10
2129, 27, -7
2130, 28, -7
2131, 27, -7
2132, 27, -6
2133, 28, -7
2134, 28, -5
2135, 27, -5
2136, 28, -5
2137, 28, -4
2138, 28, -3
2139, 28, 2
2140, 28, 3
2141, 27, 4
2142, 26, 0
2143, 26, 5
2144, 27, 5
2145, 14, 5
2146, 14, 4
2147, 14, 4
2148, 14, 3
2149, 14, -2
2150, 14, 1
2151, 14, 0
2152, 14, 0
2153, 14, -1
2154, 14, -2
2155, 14, -2
2156, 14, -2
2157, 14, -2
2158, 14, -2
2159, 14, -2
2160, 14, -1
2161, 14, 0
2162, 14, 0
2163, 14, 1
2164, 14, 2
2165, 26, 2
2166, 27, 4
2167, 14, 4
2168, 14, 4
2169, 14, 0
2170, 14, -1
2171, 14, -1
2172, 26, -2
2173, 26, -3
2174, 28, -5
2175, 27, -6
2176, 26, -8
2177, 28, -10
2178, 28, -13
2179, 28, 13
2180, 28, 12
2181, 28, 11
2182, 28, 10
2183, 28, 10
2184, 28, 10
2185, 28, 10
2186, 28, 11
2187, 28, -15
2188, 28, -16
2189, 28, -12
2190, 28, -11
2191, 28, -9
2192, 28, -6
2193, 28, -3
2194, 28, 0
2195, 28, 1
2196, 28, 2
2197, 35, 3
2198, 35, 5
2199, 28, 5
2200, 35, 6
2201, 35, 5
2202, 28, 5
2203, 35, 5
2204, 35, 3
2205, 35, 1
2206, 38, 0
2207, 35, -3
2208, 35, -20
2209, 38, -9
2210, 41, -5
2211, 41, 0
2212, 41, -3
2213, 40, 7
2214, 40, 3
2215, 41, 1
2216, 41, -1
2217, 41, 7
2218, 41, 5
2219, 41, 3
2220, 41, 0
2221, 41, 0
2222, 41, 0
2223, 41, -1
2224, 41, -3
2225, 41, -2
2226, -66, -2
2227, -118, -3
2228, -118, -1
2229, -118, 0
2230, -118, 1
2231, -118, 2
2232, -118, 3
2233, -118, 6
2234, -67, -4
2235, -67, -2
2236, -67, -1
2237, -67, 0
2238, -66, 0
2239, -49, 0
2240, -49, 1
2241, -49, 0
2242, -36, 1
2243, -36, 0
2244, -35, 0
2245, -35, 0
2246, -29, 0
2247, -28, 0
2248, -28, -1
2249, -28, -1
2250, -28, -2
2251, -25, -2
2252, -23, -2
2253, -17, -3
2254, -17, 8
2255, -17, 9
2256, -17, -3
2257, -17, -3
2258, -12, -4
2259, -17, -4
2260, -12, -5
2261, -17, 6
2262, -12, 5
2263, -12, 6
2264, -12, 4
2265, -12, 2
2266, -12, 2
2267, -12, 1
2268, -12, 0
2269, -12, 0
2270, -12, -1
2271, -12, -2
2272, -12, -3
2273, -12, -4
2274, -12, -4
2275, -12, -4
2276, -12, -4
2277, -12, -4
2278, -12, -3
2279, -12, -2
2280, -4, -1
2281, -12, 0
2282, -12, 1
2283, -17, 2
2284, -12, 3
2285, -17, 4
2286, -12, 11
2287, -17, 11
2288, -17, 4
2289, -17, 10
2290, -17, 8
2291, -17, 0
2292, -17, 4
2293, -17, 1
2294, -17, -1
2295, -17, -2
2296, -17, -8
2297, -12, -12
2298, 10, -11
2299, 10, -11
2300, 10, -13
2301, 10, -13
2302, 10, -14
2303, 10, -13
2304, 10, -10
2305, -19, -6
2306, -21, -1
2307, -21, 4
2308, -21, 12
2309, -21, 20
2310, -21, 30
2311, -21, 40
2312, -21, 50
2313, -21, 61
2314, -21, 72
2315, -21, -24
2316, -21, -66
2317, -21, -57
2318, -21, -49
2319, -21, -42
2320, -21, -37
2321, -21, -33
2322, -21, -30
2323, -21, 20
2324, -21, 20
2325, -35, 18
2326, -17, 15
2327, -3, 12
2328, -3, 24
2329, 10, 18
2330, 12, 12
2331, 14, 18
2332, 14, 11
2333, 14, 6
2334, 26, 0
2335, 28, 1
2336, 28, -2
2337, 27, -7
2338, 28, -10
2339, 28, -13
2340, 28, -11
2341, 28, -11
2342, 27, -5
2343, 28, -4
2344, 28, -4
2345, 28, -3
2346, 28, -2
2347, 27, 3
2348, 26, -1
2349, 27, 4
2350, 27, 0
2351, 14, 5
2352, 14, 5
2353, 14, 5
2354, 14, 5
2355, 14, 4
2356, 14, 3
2357, 14, 2
2358, 14, 1
2359, 14, 0
2360, 14, -1
2361, 14, -2
2362, 14, -2
2363, 14, -3
2364, 14, -3
2365, 14, -3
2366, 14, -2
2367, 14, -2
2368, 14, -1
2369, 14, 7
2370, 14, 0
2371, 14, 1
2372, 26, -2
2373, 14, 3
2374, 14, 0
2375, 14, 5
2376, 26, 0
2377, 26, 0
2378, 14, 0
2379, 14, -1
2380, 26, -2
2381, 26, -3
2382, 28, -4
2383, 28, -6
2384, 26, -8
2385, 27, -10
2386, 28, -6
2387, 28, 13
2388, 28, 12
2389, 28, 11
2390, 28, 11
2391, 28, 11
2392, 28, 11
2393, 28, 12
2394, 28, -15
2395, 28, -15
2396, 28, -13
2397, 28, -10
2398, 28, -8
2399, 28, -5
2400, 28, -2
2401, 28, 0
2402, 35, 3
2403, 28, 4
2404, 28, 4
2405, 28, 5
2406, 35, 5
2407, 35, 5
2408, 28, 5
2409, 35, 3
2410, 35, 2
2411, 35, 0
2412, 35, -1
2413, 38, -4
2414, 35, -21
2415, 35, -7
2416, 35, 2
2417, 41, -1
2418, 41, 7
2419, 41, 5
2420, 40, 3
2421, 41, 0
2422, 41, -3
2423, 41, 5
2424, 41, 4
2425, 41, 2
2426, 41, 0
2427, 41, 0
2428, 41, -1
2429, 41, -2
2430, 41, -2
2431, 41, -3
2432, 41, -1
2433, -67, -1
2434, -118, -2
2435, -118, 0
2436, -118, 0
2437, -118, 1
2438, -118, 4
2439, -118, 6
2440, -67, -4
2441, -67, -2
2442, -67, -1
2443, -67, 0
2444, -67, 0
2445, -51, 0
2446, -49, 1
2447, -49, 1
2448, -49, 1
2449, -36, 0
2450, -35, 0
2451, -35, 0
2452, -35, 0
2453, -35, 0
2454, -35, -1
2455, -28, -1
2456, -28, -1
2457, -25, -2
2458, -19, -2
2459, -19, -2
2460, -19, -2
2461, -17, 8
2462, -17, -3
2463, -12, -3
2464, -17, -3
2465, -12, 8
2466, -13, 7
2467, -12, -4
2468, -12, -5
2469, -12, 5
2470, -12, 4
2471, -12, 5
2472, -12, 4
2473, -12, 0
2474, -12, 0
2475, -12, 0
2476, -12, 0
2477, -12, -2
2478, -12, -2
2479, -12, -3
2480, -12, -4
2481, -12, -4
2482, -12, -4
2483, -4, -4
2484, -12, -3
2485, -12, -3
2486, -12, -2
2487, -12, -1
2488, -4, 0
2489, -12, 1
2490, -12, 2
2491, -17, 10
2492, -12, 4
2493, -17, 4
2494, -12, 4
2495, -17, 11
2496, -17, 10
2497, -17, 1
2498, -17, 6
2499, -17, 4
2500, -17, 1
2501, -17, -1
2502, -17, -2
2503, -19, -8
2504, -12, -11
2505, -12, -14
2506, 10, -10
2507, 10, -11
2508, 10, -12
2509, 10, -13
2510, 10, -11
2511, 10, -9
2512, 10, -5
2513, 10, 0
2514, -19, 5
2515, -21, 12
2516, -21, 20
2517, -21, 29
2518, -21, 39
2519, -21, 49
2520, -21, 59
2521, -21, 70
2522, -21, -27
2523, -21, -69
2524, -21, -60
2525, -21, -53
2526, -21, -46
2527, -21, -41
2528, -21, -37
2529, -21, 15
2530, -21, 16
2531, -21, 16
2532, -21, 14
2533, -35, 11
2534, -19, 23
2535, -3, 21
2536, -3, 15
2537, -3, 9
2538, 12, 16
2539, 12, 11
2540, 14, 5
2541, 14, 0
2542, 14, -5
2543, 26, -10
2544, 26, -7
2545, 28, -10
2546, 28, -10
2547, 28, -5
2548, 27, -7
2549, 26, -7
2550, 27, -5
2551, 28, -5
2552, 28, 0
2553, 28, -3
2554, 27, 2
2555, 26, 2
2556, 28, 3
2557, 26, 4
2558, 27, 4
2559, 14, 4
2560, 14, 4
2561, 14, 4
2562, 14, 3
2563, 14, 2
2564, 14, 1
2565, 14, 0
2566, 14, -1
2567, 14, -2
2568, 14, -3
2569, 14, -3
2570, 14, -4
2571, 14, -4
2572, 14, 3
2573, 14, -3
2574, 14, -3
2575, 14, -2
2576, 14, -1
2577, 26, 8
2578, 14, 1
2579, 14, 2
2580, 14, -1
2581, 14, 4
2582, 14, 0
2583, 14, 5
2584, 26, 0
2585, 14, 0
2586, 14, 0
2587, 14, -1
2588, 26, -2
2589, 26, -3
2590, 28, -5
2591, 27, -7
2592, 27, -11
2593, 26, -6
2594, 28, -8
2595, 28, 12
2596, 28, 10
2597, 28, 9
2598, 28, 9
2599, 28, 9
2600, 28, 9
2601, 28, 10
2602, 28, 11
2603, 28, -15
2604, 28, -15
2605, 28, -12
2606, 28, -10
2607, 28, -7
2608, 28, -4
2609, 28, 0
2610, 28, 1
2611, 28, 1
2612, 28, 3
2613, 28, 4
2614, 35, 5
2615, 35, 5
2616, 35, 4
2617, 28, 4
2618, 35, 3
2619, 35, 2
2620, 35, 0
2621, 35, -3
2622, 35, -20
2623, 35, -7
2624, 35, 4
2625, 38, 0
2626, 41, -3
2627, 41, 8
2628, 41, 4
2629, 41, 2
2630, -3, -1
2631, -118, -6
2632, -118, 2
2633, -118, 1
2634, -118, 1
2635, -118, 0
2636, -118, 0
2637, -118, -1
2638, -67, -2
2639, -67, 0
2640, -67, 0
2641, -67, 0
2642, -51, 1
2643, -49, 1
2644, -49, 1
2645, -49, 4
2646, -49, 3
2647, -36, 5
2648, -35, -6
2649, -35, -5
2650, -35, -4
2651, -35, -4
2652, -28, -3
2653, -28, -2
2654, -28, -1
2655, -25, -1
2656, -19, 0
2657, -22, 0
2658, -19, 0
2659, -17, 1
2660, -17, 2
2661, -17, 2
2662, -13, 2
2663, -12, 2
2664, -12, 2
2665, -13, 2
2666, -12, 14
2667, -12, 1
2668, -12, 0
2669, -17, 0
2670, -12, -1
2671, -12, -3
2672, -12, -4
2673, -12, 5
2674, -12, -7
2675, -12, -9
2676, -12, -10
2677, -12, 0
2678, -12, -1
2679, -12, 0
2680, -12, -1
2681, -4, -1
2682, -12, -2
2683, -12, 0
2684, -12, 0
2685, -12, 1
2686, -12, 2
2687, -12, 3
2688, -12, 4
2689, -12, 5
2690, -17, 6
2691, -13, 6
2692, -17, 6
2693, -17, 6
2694, -17, 5
2695, -17, 4
2696, -19, 2
2697, -19, 0
2698, -17, -1
2699, -17, -4
2700, -17, -7
2701, -19, -10
2702, -12, -12
2703, 10, -7
2704, 10, -9
2705, 10, -11
2706, 10, -18
2707, 10, -11
2708, 10, -9
2709, 10, -6
2710, 10, -3
2711, -19, 1
2712, -19, 7
2713, -21, 15
2714, -21, 26
2715, -21, 38
2716, -21, 47
2717, -21, 57
2718, -21, 67
2719, -21, 33
2720, -21, -71
2721, -21, -62
2722, -21, -54
2723, -21, -47
2724, -21, -42
2725, -21, -37
2726, -21, -34
2727, -21, 17
2728, -21, 18
2729, -21, 16
2730, -21, 14
2731, -28, 26
2732, -17, 24
2733, -3, 19
2734, -3, 13
2735, -3, 7
2736, 12, 14
2737, 14, 8
2738, 14, 2
2739, 14, -2
2740, 26, -7
2741, 27, -4
2742, 27, -8
2743, 28, -11
2744, 27, -10
2745, 27, -6
2746, 26, -9
2747, 28, -7
2748, 28, -4
2749, 14, -4
2750, 26, -3
2751, 28, 1
2752, 26, 3
2753, 26, 4
2754, 26, 4
2755, 26, 5
2756, 28, 5
2757, 27, 5
2758, 14, 0
2759, 14, 4
2760, 14, 3
2761, 14, 2
2762, 14, 1
2763, 14, 0
2764, 14, -1
2765, 14, -2
2766, 14, -3
2767, 14, -3
2768, 14, -3
2769, 14, -3
2770, 14, 4
2771, 14, -3
2772, 14, -2
2773, 14, -1
2774, 14, 0
2775, 14, 1
2776, 14, 2
2777, 26, 3
2778, 14, 4
2779, 14, 0
2780, 26, 4
2781, 26, 1
2782, 14, 0
2783, 14, 0
2784, 26, 0
2785, 26, -3
2786, 28, -5
2787, 27, -4
2788, 27, -6
2789, 26, -8
2790, 28, -12
2791, 28, -7
2792, 28, 12
2793, 28, 11
2794, 28, 10
2795, 28, 9
2796, 28, 9
2797, 28, 9
2798, 28, 10
2799, 28, 11
2800, 28, -15
2801, 28, -13
2802, 28, -13
2803, 28, -10
2804, 35, -7
2805, 35, -4
2806, 28, -1
2807, 28, 1
2808, 28, 1
2809, 35, 2
2810, 28, 4
2811, 35, 5
2812, 28, 5
2813, 28, 5
2814, 28, 4
2815, 28, 3
2816, 35, 2
2817, 35, 0
2818, 35, -1
2819, 35, -4
2820, 35, -14
2821, 38, -7
2822, 40, 2
2823, 35, -1
2824, 38, -4
2825, 41, 6
2826, 41, 4
2827, 41, 1
2828, 41, -2
2829, 41, 6
2830, 41, 5
2831, 41, 2
2832, 41, 2
2833, 41, 0
2834, 41, -1
2835, 41, -3
2836, 41, -1
2837, 41, -1
2838, -35, -15
2839, -118, -3
2840, -118, -1
2841, -118, 0
2842, -118, 0
2843, -118, 2
2844, -118, 4
2845, -67, 8
2846, -67, 9
2847, -67, -2
2848, -67, -1
2849, -51, -1
2850, -49, 0
2851, -49, 0
2852, -36, 0
2853, -36, 0
2854, -36, 0
2855, -36, 0
2856, -35, 0
2857, -35, 0
2858, -35, 0
2859, -35, -1
2860, -28, -1
2861, -25, -2
2862, -22, -2
2863, -19, -2
2864, -20, -2
2865, -17, -3
2866, -12, 8
2867, -17, -3
2868, -17, -3
2869, -17, 7
2870, -12, 7
2871, -12, -4
2872, -12, -5
2873, -12, 5
2874, -13, 4
2875, -12, 5
2876, -12, 3
2877, -12, 2
2878, -4, 0
2879, -12, 0
2880, -12, 0
2881, -12, -1
2882, -12, -2
2883, -12, -3
2884, -12, -4
2885, -12, -4
2886, -12, -5
2887, -12, -4
2888, -12, -5
2889, -4, -4
2890, -4, -3
2891, -12, -2
2892, -12, -1
2893, -17, 6
2894, -12, 8
2895, -12, 2
2896, -12, 3
2897, -17, 4
2898, -12, 12
2899, -17, 5
2900, -12, 11
2901, -17, 4
2902, -17, 2
2903, -17, 0
2904, -17, -1
2905, -17, 2
2906, -19, 0
2907, -19, -3
2908, -19, -6
2909, 10, -9
2910, 10, -9
2911, -12, -10
2912, -19, -17
2913, 10, -14
2914, 10, -11
2915, -12, -10
2916, -21, -9
2917, 10, -5
2918, -19, 0
2919, -21, 4
2920, -21, 11
2921, -21, 19
2922, -21, 28
2923, -21, 37
2924, -21, 47
2925, -21, 57
2926, -21, 67
2927, -21, 1
2928, -21, -72
2929, -21, -64
2930, -21, -56
2931, -21, -50
2932, -21, -45
2933, -21, -41
2934, -21, 12
2935, -21, 13
2936, -35, 12
2937, -17, 10
2938, -12, 24
2939, -3, 22
2940, -3, 17
2941, 12, 25
2942, 14, 20
2943, 14, 13
2944, 14, 7
2945, 14, 3
2946, 26, -2
2947, 28, -7
2948, 27, -11
2949, 26, -8
2950, 28, -8
2951, 28, -8
2952, 28, -6
2953, 27, -8
2954, 26, -6
2955, 28, -1
2956, 28, -5
2957, 28, -4
2958, 26, -3
2959, 26, 1
2960, 26, 2
2961, 26, 3
2962, 28, 4
2963, 14, 3
2964, 14, 4
2965, 14, 4
2966, 26, 3
2967, 14, 11
2968, 14, 2
2969, 14, 1
2970, 14, 0
2971, 14, -1
2972, 14, -2
2973, 14, -2
2974, 14, -3
2975, 14, -3
2976, 14, -4
2977, 14, -4
2978, 14, 4
2979, 14, 4
2980, 14, -2
2981, 14, -1
2982, 14, -5
2983, 14, 0
2984, 14, 1
2985, 14, 2
2986, 14, -1
2987, 28, 4
2988, 14, 0
2989, 26, 4
2990, 27, 0
2991, 14, 0
2992, 14, -1
2993, 26, -2
2994, 28, -3
2995, 28, -6
2996, 27, -7
2997, 26, -9
2998, 28, 18
2999, 28, 17
3000, 28, -5
3001, 28, -12
3002, 28, 15
3003, 28, 15
3004, 28, -5
3005, 28, -13
3006, 28, 18
3007, 28, -9
3008, 28, -9
3009, 28, -7
3010, 35, -5
3011, 28, -3
3012, 35, -1
3013, 35, 1
3014, 28, 3
3015, 28, 4
3016, 35, 4
3017, 28, 4
3018, 28, 4
3019, 35, 4
3020, 35, 3
3021, 35, 1
3022, 35, 0
3023, 35, -1
3024, 35, -3
3025, 40, -20
3026, 41, -5
3027, 38, -3
3028, 38, 1
3029, 40, -2
3030, 41, 9
3031, 41, 7
3032, 41, 3
3033, 41, 0
3034, 41, -3
3035, 41, 5
3036, 41, 5
3037, 41, 1
3038, 41, 0
3039, 41, 0
3040, 41, -1
3041, 41, -2
3042, 41, -3
3043, -51, -4
3044, -118, -3
3045, -118, -2
3046, -118, 0
3047, -118, -1
3048, -118, 0
3049, -118, 2
3050, -118, 3
3051, -67, 7
3052, -67, -4
3053, -67, -3
3054, -67, -2
3055, -67, 10
3056, -49, 0
3057, -49, 0
3058, -49, 0
3059, -36, 0
3060, -36, 0
3061, -35, 0
3062, -35, 0
3063, -35, 0
3064, -29, 0
3065, -28, -1
3066, -28, -1
3067, -28, -1
3068, -25, -1
3069, -25, -1
3070, -19, -1
3071, -17, -1
3072, -17, -1
3073, -17, -1
3074, -17, -1
3075, -12, -1
3076, -17, 11
3077, -12, -2
3078, -12, 8
3079, -12, 8
3080, -12, -5
3081, -12, -6
3082, -12, 4
3083, -12, 4
3084, -12, 3
3085, -12, 0
3086, -12, -1
3087, -12, 0
3088, -12, -2
3089, -4, -3
3090, -12, -4
3091, -12, -4
3092, -12, -5
3093, -12, -5
3094, -12, -4
3095, -12, -4
3096, -12, -3
3097, -12, -2
3098, -12, 0
3099, -12, 7
3100, -12, 1
3101, -12, 9
3102, -12, 10
3103, -12, 4
3104, -12, 4
3105, -12, 11
3106, -17, 3
3107, -17, 1
3108, -17, 6
3109, -19, 4
3110, -17, 1
3111, -19, -1
3112, -17, -4
3113, -17, -8
3114, 10, -6
3115, 10, -8
3116, 10, -13
3117, 10, -15
3118, 10, -14
3119, 10, -13
3120, -12, -12
3121, -19, -10
3122, -21, -7
3123, -21, -1
3124, 10, 4
3125, -21, 12
3126, -19, 19
3127, -21, 29
3128, -21, 39
3129, -21, 49
3130, -21, 60
3131, -21, 70
3132, -21, -10
3133, -21, -67
3134, -21, -58
3135, -21, -50
3136, -21, -43
3137, -21, -38
3138, -21, -34
3139, -21, -31
3140, -21, 20
3141, -21, 20
3142, -35, 18
3143, -19, 15
3144, -3, 11
3145, -3, 24
3146, -3, 18
3147, 12, 12
3148, 14, 19
3149, 14, 12
3150, 26, 7
3151, 14, 1
3152, 26, -4
3153, 26, -2
3154, 28, -6
3155, 27, -9
3156, 28, -12
3157, 27, -11
3158, 26, -12
3159, 27, -7
3160, 28, -5
3161, 28, -4
3162, 28, -4
3163, 27, -3
3164, 26, 2
3165, 26, -1
3166, 28, 4
3167, 14, 5
3168, 14, 5
3169, 14, 5
3170, 26, 5
3171, 14, 4
3172, 14, 3
3173, 14, 2
3174, 14, 1
3175, 14, 0
3176, 14, 0
3177, 14, -1
3178, 14, 5
3179, 14, -2
3180, 14, -3
3181, 14, -3
3182, 14, -3
3183, 14, -3
3184, 14, -2
3185, 14, -2
3186, 26, -1
3187, 26, 0
3188, 14, 0
3189, 14, 1
3190, 26, 2
3191, 26, 3
3192, 14, 3
3193, 14, 3
3194, 14, 3
3195, 14, -1
3196, 14, -2
3197, 27, -3
3198, 27, -6
3199, 14, -5
3200, 14, -9
3201, 26, -8
3202, 28, -9
3203, 27, 15
3204, 27, 14
3205, 28, 13
3206, 28, 12
3207, 28, 12
3208, 28, 12
3209, 28, -9
3210, 28, -15
3211, 28, -16
3212, 28, -14
3213, 28, 18
3214, 28, -10
3215, 28, -6
3216, 28, -5
3217, 35, -2
3218, 28, 0
3219, 28, 2
3220, 35, 4
3221, 35, 4
3222, 35, 4
3223, 35, 5
3224, 35, 5
3225, 35, 4
3226, 35, 3
3227, 35, 1
3228, 35, 0
3229, 35, -1
3230, 35, -4
3231, 35, -21
3232, 38, -8
3233, 41, 3
3234, 41, 0
3235, 41, -4
3236, 35, 6
3237, 40, 5
3238, 41, 1
3239, 41, 10
3240, 41, -5
3241, 41, 4
3242, 41, 1
3243, 41, 1
3244, 41, 0
3245, 41, 0
3246, 41, -2
3247, 41, -3
3248, 41, -2
3249, -67, -1
3250, -118, -2
3251, -118, 0
3252, -118, 0
3253, -118, 1
3254, -118, 3
3255, -118, 6
3256, -67, -5
3257, -67, -2
3258, -67, -2
3259, -67, 10
3260, -66, 0
3261, -49, 0
3262, -49, 0
3263, -49, 0
3264, -36, 0
3265, -36, 0
3266, -36, 0
3267, -35, 0
3268, -35, -1
3269, -35, -2
3270, -35, -2
3271, -28, -3
3272, -28, -3
3273, -28, -3
3274, -28, -3
3275, -25, 8
3276, -22, 8
3277, -19, -3
3278, -17, -3
3279, -17, 8
3280, -17, 9
3281, -12, -2
3282, -12, -2
3283, -12, -2
3284, -12, -3
3285, -12, -3
3286, -12, 8
3287, -12, 7
3288, -12, -6
3289, -4, -7
3290, -12, 2
3291, -12, 3
3292, -4, 1
3293, -12, 0
3294, -12, 0
3295, -12, -1
3296, -12, -2
3297, -12, -3
3298, -12, -4
3299, -12, -4
3300, -12, -4
3301, -12, -3
3302, -12, -2
3303, -12, -2
3304, -12, -1
3305, -12, 0
3306, -12, 7
3307, -12, 1
3308, -12, 2
3309, -12, 9
3310, -17, 9
3311, -12, 9
3312, -12, 8
3313, -12, 7
3314, -17, 5
3315, -19, 2
3316, -17, 0
3317, -17, -2
3318, -17, -5
3319, -19, -9
3320, -19, -12
3321, -19, -11
3322, -12, -10
3323, -12, -11
3324, 10, -12
3325, 10, -17
3326, 10, -11
3327, 10, -7
3328, 10, -4
3329, 10, 0
3330, 10, 6
3331, -21, 13
3332, -21, 21
3333, -19, 30
3334, -19, 39
3335, -21, 49
3336, -21, 59
3337, -21, 70
3338, -21, -28
3339, -21, -69
3340, -21, -61
3341, -21, -53
3342, -21, -47
3343, -21, -42
3344, -21, -38
3345, -21, 14
3346, -21, 15
3347, -21, 15
3348, -21, 13
3349, -21, 11
3350, -35, 24
3351, -28, 19
3352, -12, 14
3353, -3, 22
3354, -3, 16
3355, 12, 10
3356, 14, 5
3357, 14, 0
3358, 14, -4
3359, 26, -9
3360, 26, -6
3361, 28, -9
3362, 28, -11
3363, 28, -13
3364, 28, -11
3365, 26, -9
3366, 26, -6
3367, 28, -3
3368, 28, -2
3369, 28, -2
3370, 26, 3
3371, 27, 4
3372, 26, 4
3373, 26, 4
3374, 14, 5
3375, 26, 5
3376, 26, 4
3377, 26, 3
3378, 14, 11
3379, 14, 1
3380, 26, 0
3381, 14, 7
3382, 14, -1
3383, 14, -2
3384, 14, -3
3385, 14, -4
3386, 14, -4
3387, 14, -5
3388, 14, -4
3389, 14, -4
3390, 14, -3
3391, 14, -2
3392, 14, -1
3393, 14, 0
3394, 14, 0
3395, 14, 2
3396, 14, 3
3397, 14, 4
3398, 14, 5
3399, 14, 1
3400, 14, 6
3401, 26, 6
3402, 28, 6
3403, 14, 0
3404, 26, -2
3405, 28, -1
3406, 28, -3
3407, 28, -4
3408, 28, -8
3409, 27, -10
3410, 28, -12
3411, 28, -7
3412, 28, -8
3413, 28, 12
3414, 28, 11
3415, 28, 10
3416, 28, 10
3417, 28, 11
3418, 28, 11
3419, 28, 13
3420, 28, -16
3421, 28, -14
3422, 28, -9
3423, 28, -6
3424, 28, -6
3425, 28, -2
3426, 35, 0
3427, 35, 0
3428, 28, 1
3429, 28, 2
3430, 35, 4
3431, 35, 5
3432, 35, 4
3433, 35, 5
3434, 35, 5
3435, 35, 3
3436, 35, 2
3437, 35, 0
3438, 35, -2
3439, 35, -19
3440, 35, -16
3441, 35, -3
3442, 35, 1
3443, 41, -2
3444, 41, 8
3445, 40, 6
3446, 41, 2
3447, 41, 0
3448, 41, 8
3449, 41, 5
3450, 41, 4
3451, 41, 2
3452, 41, 0
3453, 41, 0
3454, 41, -3
3455, 41, -4
3456, 41, -2
3457, 10, -2
3458, -118, -2
3459, -118, -5
3460, -118, -1
3461, -118, -1
3462, -118, 0
3463, -118, -9
3464, -118, 4
3465, -118, 5
3466, -67, 7
3467, -67, -2
3468, -67, -2
3469, -51, 11
3470, -49, 0
3471, -49, 0
3472, -49, 0
3473, -36, 0
3474, -36, 0
3475, -35, 0
3476, -35, 0
3477, -35, 0
3478, -29, 0
3479, -28, -1
3480, -28, -1
3481, -28, -1
3482, -25, -2
3483, -23, -2
3484, -23, -2
3485, -22, -2
3486, -19, -2
3487, -17, -2
3488, -17, -3
3489, -17, -3
3490, -17, 8
3491, -17, 9
3492, -13, -5
3493, -17, 6
3494, -12, 7
3495, -12, 6
3496, -12, 4
3497, -12, 3
3498, -12, 0
3499, -12, 0
3500, -12, -1
3501, -12, -2
3502, -4, -3
3503, -12, -4
3504, -12, -5
3505, -12, -5
3506, -12, -5
3507, -12, -5
3508, -12, -5
3509, -12, -4
3510, -17, -3
3511, -12, -2
3512, -12, -1
3513, -12, 0
3514, -17, 1
3515, -12, 9
3516, -17, 10
3517, -12, 4
3518, -12, 4
3519, -17, 11
3520, -12, 10
3521, -17, 9
3522, -17, 7
3523, -17, 5
3524, -17, 2
3525, -12, 0
3526, -19, -3
3527, -17, -7
3528, -17, -10
3529, -19, -13
3530, -12, -16
3531, -20, -18
3532, -12, -13
3533, 10, -13
3534, 10, -13
3535, 10, -10
3536, 10, -7
3537, -21, -3
3538, 10, 2
3539, -19, 9
3540, -19, 17
3541, -21, 26
3542, -21, 36
3543, -21, 46
3544, -21, 57
3545, -21, 67
3546, -21, 47
3547, -21, -70
3548, -21, -61
3549, -21, -52
3550, -21, -45
3551, -21, -39
3552, -21, -34
3553, -21, -31
3554, -21, -30
3555, -21, 20
3556, -21, 19
3557, -21, 16
3558, -21, 29
3559, -35, 26
3560, -19, 20
3561, -12, 14
3562, -3, 21
3563, -3, 14
3564, 10, 9
3565, 14, 3
3566, 14, -2
3567, 14, -1
3568, 27, -5
3569, 26, -8
3570, 28, -11
3571, 28, -10
3572, 28, -10
3573, 27, -10
3574, 26, -10
3575, 28, -6
3576, 27, -3
3577, 27, -2
3578, 28, -1
3579, 14, 0
3580, 26, 0
3581, 26, 5
3582, 14, 1
3583, 27, 7
3584, 14, 7
3585, 26, 6
3586, 14, 6
3587, 26, 4
3588, 14, 3
3589, 14, 2
3590, 14, 0
3591, 26, 7
3592, 14, -1
3593, 14, -2
3594, 14, -3
3595, 26, -4
3596, 26, -4
3597, 14, -4
3598, 14, -4
3599, 14, -8
3600, 14, -2
3601, 14, -1
3602, 14, 0
3603, 14, -3
3604, 14, 2
3605, 14, -1
3606, 14, 4
3607, 14, 5
3608, 27, 1
3609, 14, 7
3610, 14, 1
3611, 26, 1
3612, 26, 1
3613, 28, 0
3614, 27, 4
3615, 27, -4
3616, 26, -3
3617, 28, -5
3618, 28, -8
3619, 28, -3
3620, 28, -12
3621, 28, -5
3622, 28, 15
3623, 28, 14
3624, 28, 14
3625, 28, 14
3626, 28, -15
3627, 28, 16
3628, 28, -11
3629, 28, -9
3630, 28, -9
3631, 28, -7
3632, 28, -4
3633, 28, -2
3634, 28, 0
3635, 28, 1
3636, 28, 1
3637, 28, 3
3638, 35, 4
3639, 35, 5
3640, 28, 5
3641, 35, 5
3642, 35, 4
3643, 38, 3
3644, 35, 2
3645, 38, 0
3646, 35, -1
3647, 35, -4
3648, 35, -21
3649, 38, -8
3650, 40, -5
3651, 35, 0
3652, 35, -3
3653, 38, 5
3654, 40, 5
3655, 41, 2
3656, 41, 0
3657, 41, 9
3658, 41, 5
3659, 41, 5
3660, 41, 3
3661, 41, 1
3662, 41, 0
3663, 41, -1
3664, 41, 0
3665, 41, -1
3666, 2, -1
3667, -118, 0
3668, -118, -14
3669, -118, 0
3670, -118, 0
3671, -118, -9
3672, -118, 5
3673, -118, -6
3674, -118, 6
3675, -67, -3
3676, -67, 9
3677, -67, -2
3678, -67, -1
3679, -51, -1
3680, -37, 11
3681, -49, -1
3682, -35, -1
3683, -35, -1
3684, -35, 10
3685, -35, 9
3686, -28, -2
3687, -28, -3
3688, -28, -3
3689, -28, -3
3690, -25, -3
3691, -22, -3
3692, -23, -3
3693, -19, -4
3694, -19, -3
3695, -17, -3
3696, -17, -3
3697, -17, 9
3698, -17, -4
3699, -17, -4
3700, -17, 7
3701, -12, 6
3702, -12, 7
3703, -12, 5
3704, -12, 4
3705, -12, 2
3706, -12, 3
3707, -12, 1
3708, -12, 0
3709, -12, -1
3710, -12, -2
3711, -12, -3
3712, -12, -4
3713, -4, -4
3714, -4, -5
3715, -12, -5
3716, -12, -5
3717, -12, -5
3718, -12, -4
3719, -12, -3
3720, -12, -1
3721, -12, 0
3722, -12, 0
3723, -12, 2
3724, -17, 3
3725, -12, 4
3726, -12, 5
3727, -12, 12
3728, -17, 12
3729, -12, 4
3730, -12, 9
3731, -17, 8
3732, -17, 8
3733, -17, 2
3734, -17, 2
3735, -17, -3
3736, -19, -7
3737, -12, -11
3738, 10, -10
3739, 10, -11
3740, 10, -18
3741, 10, -19
3742, 10, -17
3743, 10, -14
3744, -19, -11
3745, -21, -8
3746, -21, -3
3747, -19, 2
3748, -21, 9
3749, -21, 18
3750, -21, 27
3751, -21, 37
3752, -21, 47
3753, -21, 58
3754, -21, 69
3755, -21, 41
3756, -21, -69
3757, -21, -59
3758, -21, -51
3759, -21, -44
3760, -21, -38
3761, -21, -34
3762, -21, -30
3763, -21, -29
3764, -35, 21
3765, -21, 19
3766, -4, 16
3767, -3, 12
3768, -3, 24
3769, 12, 32
3770, 14, 13
3771, 14, 21
3772, 14, 14
3773, 14, 8
3774, 28, 1
3775, 28, 2
3776, 27, -2
3777, 27, -6
3778, 28, -10
3779, 28, -10
3780, 28, -9
3781, 28, -11
3782, 27, -8
3783, 26, -8
3784, 26, -5
3785, 27, -4
3786, 26, -3
3787, 28, -2
3788, 28, -1
3789, 14, 0
3790, 14, 5
3791, 14, 5
3792, 14, 6
3793, 14, 5
3794, 14, 5
3795, 14, 4
3796, 14, 3
3797, 14, 2
3798, 14, 1
3799, 14, 0
3800, 26, -1
3801, 14, -2
3802, 14, 4
3803, 14, 4
3804, 14, -4
3805, 14, -4
3806, 14, -4
3807, 14, -3
3808, 14, -2
3809, 14, -2
3810, 14, -1
3811, 14, 0
3812, 14, 1
3813, 14, -2
3814, 14, 2
3815, 26, 3
3816, 26, 4
3817, 26, -1
3818, 27, 3
3819, 27, 3
3820, 27, -2
3821, 27, -3
3822, 26, -5
3823, 28, -6
3824, 28, -7
3825, 28, -11
3826, 28, -5
3827, 28, 15
3828, 28, 14
3829, 28, 13
3830, 28, 13
3831, 28, 13
3832, 28, 13
3833, 28, -14
3834, 28, -14
3835, 28, -13
3836, 28, -9
3837, 28, -8
3838, 28, -6
3839, 28, -3
3840, 28, -1
3841, 35, 1
3842, 35, 4
3843, 35, 6
3844, 35, 5
3845, 35, 5
3846, 35, 5
3847, 35, 5
3848, 35, 4
3849, 35, 3
3850, 35, 1
3851, 35, -1
3852, 35, -3
3853, 35, -20
3854, 35, -10
3855, 35, 3
3856, 38, 0
3857, 41, -3
3858, 41, 7
3859, 40, 5
3860, 40, 2
3861, 41, -1
3862, 41, -4
3863, 41, 7
3864, 41, 4
3865, 41, 1
3866, 41, 0
3867, 41, 0
3868, 41, 0
3869, 41, -1
3870, -67, -1
3871, -118, -4
3872, -118, -3
3873, -118, -2
3874, -118, 0
3875, -118, 1
3876, -118, 5
3877, -118, 6
3878, -67, -5
3879, -67, -3
3880, -67, -2
3881, -67, -1
3882, -66, 0
3883, -49, 0
3884, -49, 0
3885, -49, 0
3886, -36, 0
3887, -35, 0
3888, -35, 0
3889, -35, 12
3890, -28, 0
3891, -28, 0
3892, -28, 0
3893, -25, -1
3894, -25, -1
3895, -23, -2
3896, -17, -2
3897, -19, -2
3898, -17, -2
3899, -17, -2
3900, -17, -2
3901, -17, -3
3902, -12, -3
3903, -12, -3
3904, -12, 7
3905, -12, 6
3906, -12, 6
3907, -12, 6
3908, -12, 5
3909, -12, 3
3910, -12, 2
3911, -4, 0
3912, -3, 0
3913, -12, 0
3914, -12, -2
3915, -4, -3
3916, -4, -3
3917, -4, -4
3918, -12, -5
3919, -12, -5
3920, -12, -4
3921, -12, -4
3922, -17, -4
3923, -12, -3
3924, -12, -1
3925, -12, 0
3926, -12, 0
3927, -12, 1
3928, -12, 2
3929, -17, 3
3930, -17, 11
3931, -17, 11
3932, -17, 10
3933, -17, 10
3934, -17, 8
3935, -12, 6
3936, -12, 4
3937, -19, 1
3938, -17, -1
3939, -12, -4
3940, -12, -7
3941, -19, -11
3942, 10, -14
3943, 10, -16
3944, 10, -17
3945, 10, -15
3946, -19, -12
3947, -20, -11
3948, 10, -10
3949, -21, -6
3950, -21, 0
3951, -21, 5
3952, -21, 13
3953, -21, 21
3954, -21, 31
3955, -21, 41
3956, -21, 51
3957, -21, 62
3958, -21, 72
3959, -21, -25
3960, -21, -66
3961, -21, -57
3962, -21, -49
3963, -21, -42
3964, -21, -37
3965, -21, -33
3966, -21, -31
3967, -21, 20
3968, -21, 19
3969, -35, 17
3970, -19, 14
3971, -12, 11
3972, -3, 23
3973, -3, 18
3974, 10, 11
3975, 12, 18
3976, 14, 12
3977, 14, 6
3978, 14, 0
3979, 14, 1
3980, 26, -3
3981, 26, -7
3982, 28, -7
3983, 28, -10
3984, 27, -10
3985, 28, -5
3986, 28, -8
3987, 26, -6
3988, 28, -6
3989, 28, -5
3990, 27, -5
3991, 14, 0
3992, 14, 1
3993, 14, 2
3994, 26, 2
3995, 14, 3
3996, 14, 3
3997, 26, 3
3998, 26, 2
3999, 14, 1
4000, 14, 8
4001, 14, 8
4002, 14, -1
4003, 14, -2
4004, 14, 5
4005, 14, 4
4006, 14, 3
4007, 14, -4
4008, 14, -4
4009, 26, -4
4010, 28, -3
4011, 14, -8
4012, 14, -2
4013, 14, -1
4014, 14, 0
4015, 14, 0
4016, 14, 1
4017, 14, 2
4018, 14, -1
4019, 14, 0
4020, 26, 0
4021, 14, 0
4022, 27, 0
4023, 26, 0
4024, 27, 3
4025, 26, 2
4026, 28, -5
4027, 28, -4
4028, 27, -1
4029, 28, -2
4030, 28, -10
4031, 28, 17
4032, 28, 16
4033, 28, 15
4034, 28, 15
4035, 28, -13
4036, 28, -14
4037, 28, 16
4038, 28, -13
4039, 28, -11
4040, 28, -9
4041, 28, -7
4042, 28, -5
4043, 28, -3
4044, 28, 0
4045, 28, 1
4046, 35, 4
4047, 35, 5
4048, 35, 5
4049, 35, 5
4050, 28, 5
4051, 35, 5
4052, 35, 5
4053, 35, 3
4054, 35, 1
4055, 35, 0
4056, 35, -1
4057, 35, -3
4058, 38, -20
4059, 41, -8
4060, 40, -4
4061, 35, 1
4062, 35, -2
4063, 35, 6
4064, 40, 5
4065, 41, 4
4066, 41, 0
4067, 41, -2
4068, 41, -4
4069, 41, 5
4070, 41, 3
4071, 41, 3
4072, 41, 2
4073, 41, 0
4074, 41, 1
4075, -29, 0
4076, -118, -2
4077, -118, 0
4078, -118, 1
4079, -118, 1
4080, -118, -9
4081, -118, -8
4082, -67, -6
4083, -67, 7
4084, -67, -4
4085, -67, -3
4086, -67, 9
4087, -66, 10
4088, -49, -1
4089, -49, 0
4090, -49, 0
4091, -36, 0
4092, -36, 0
4093, -35, -1
4094, -35, -1
4095, -35, -1
4096, -35, -2
4097, -28, -2
4098, -28, 9
4099, -28, 11
4100, -23, -3
4101, -19, -3
4102, -17, -3
4103, -19, -3
4104, -17, -3
4105, -17, -3
4106, -17, -3
4107, -13, -3
4108, -12, -3
4109, -12, 7
4110, -12, -4
4111, -12, 7
4112, -17, 5
4113, -12, 5
4114, -12, 3
4115, -12, 4
4116, -12, 2
4117, -12, 0
4118, -12, 0
4119, -12, -1
4120, -12, -2
4121, -12, -3
4122, -12, -3
4123, -12, -4
4124, -12, -5
4125, -12, -4
4126, -12, -4
4127, -12, -4
4128, -12, -3
4129, -12, -2
4130, -17, 0
4131, -12, 0
4132, -12, 1
4133, -12, 2
4134, -12, 3
4135, -12, 10
4136, -17, 10
4137, -17, 10
4138, -17, 9
4139, -17, 1
4140, -12, 6
4141, -17, 4
4142, -17, 1
4143, -17, 0
4144, -17, -3
4145, -12, -6
4146, -12, -10
4147, -12, -10
4148, 10, -9
4149, 10, -11
4150, 10, -17
4151, 10, -17
4152, 10, -16
4153, -19, -9
4154, -21, -5
4155, -21, 0
4156, -21, 4
4157, -21, 11
4158, -21, 19
4159, -21, 28
4160, -21, 37
4161, -21, 47
4162, -21, 57
4163, -21, 67
4164, -21, 7
4165, -21, -72
4166, -21, -63
4167, -21, -55
4168, -21, -49
4169, -21, -43
4170, -21, -39
4171, -21, 14
4172, -21, 15
4173, -21, 15
4174, -35, 14
4175, -19, 11
4176, -12, 9
4177, -3, 22
4178, -3, 17
4179, 12, 11
4180, 14, 18
4181, 14, 12
4182, 14, 7
4183, 26, 1
4184, 27, -3
4185, 27, -8
4186, 27, -5
4187, 27, -8
4188, 28, -11
4189, 28, -8
4190, 28, -5
4191, 28, -4
4192, 28, -7
4193, 28, -4
4194, 28, -4
4195, 26, -3
4196, 28, 0
4197, 28, 3
4198, 27, 3
4199, 26, 4
4200, 28, 4
4201, 14, 0
4202, 14, 4
4203, 14, 4
4204, 14, 3
4205, 14, 3
4206, 14, 2
4207, 14, 1
4208, 14, 0
4209, 14, 0
4210, 14, -1
4211, 14, -1
4212, 14, -2
4213, 26, -2
4214, 14, -2
4215, 14, -2
4216, 14, -1
4217, 14, -1
4218, 14, 0
4219, 14, -4
4220, 14, 1
4221, 14, 2
4222, 26, 2
4223, 26, 3
4224, 26, 4
4225, 14, 0
4226, 14, 0
4227, 26, -1
4228, 26, -1
4229, 27, 2
4230, 27, -3
4231, 28, -4
4232, 28, -5
4233, 28, -6
4234, 28, -3
4235, 28, -4
4236, 28, -5
4237, 28, 15
4238, 28, 15
4239, 28, 14
4240, 28, 14
4241, 28, 15
4242, 28, -12
4243, 28, -13
4244, 28, -12
4245, 28, -10
4246, 28, -8
4247, 28, -6
4248, 28, -4
4249, 28, -1
4250, 28, 0
4251, 28, 3
4252, 35, 5
4253, 35, 5
4254, 28, 5
4255, 28, 5
4256, 35, 5
4257, 35, 5
4258, 35, 3
4259, 35, 2
4260, 35, 1
4261, 35, -1
4262, 35, -3
4263, 40, -20
4264, 40, -8
4265, 40, -4
4266, 38, 0
4267, 38, -3
4268, 41, 7
4269, 41, 6
4270, 41, 2
4271, 41, -1
4272, 41, 7
4273, 41, 5
4274, 41, 3
4275, 41, 0
4276, 41, 0
4277, 41, -1
4278, 41, -2
4279, 41, -2
4280, -35, -3
4281, -118, -4
4282, -118, -3
4283, -118, -2
4284, -118, -2
4285, -118, 1
4286, -118, 3
4287, -118, 3
4288, -67, 4
4289, -67, 8
4290, -67, -4
4291, -67, -2
4292, -49, -1
4293, -49, -1
4294, -49, 0
4295, -36, 0
4296, -36, 0
4297, -36, 0
4298, -36, 0
4299, -35, 0
4300, -35, 0
4301, -28, -1
4302, -35, 10
4303, -28, -2
4304, -28, -2
4305, -25, -2
4306, -17, -2
4307, -19, -3
4308, -19, -3
4309, -17, -3
4310, -12, -3
4311, -12, 7
4312, -17, 7
4313, -12, 6
4314, -12, -5
4315, -12, -6
4316, -12, 5
4317, -12, 4
4318, -12, 4
4319, -12, 2
4320, -12, 2
4321, -12, 1
4322, -12, 0
4323, -12, -1
4324, -12, -2
4325, -12, -3
4326, -12, -3
4327, -12, -4
4328, -12, -4
4329, -12, -4
4330, -12, -4
4331, -12, -3
4332, -12, -3
4333, -12, -2
4334, -12, 0
4335, -12, 0
4336, -12, 1
4337, -12, 2
4338, -12, 3
4339, -12, 4
4340, -12, 5
4341, -12, 12
4342, -17, 11
4343, -13, 3
4344, -12, 2
4345, -17, 7
4346, -12, 4
4347, -17, 2
4348, -17, -1
4349, -19, -4
4350, -19, -7
4351, -19, -11
4352, -12, -9
4353, -12, -11
4354, 10, -13
4355, 10, -16
4356, 10, -16
4357, 10, -11
4358, -12, -9
4359, -19, -6
4360, -21, -1
4361, -19, 4
4362, -19, 11
4363, -21, 19
4364, -19, 28
4365, -21, 38
4366, -21, 48
4367, -21, 59
4368, -21, 69
4369, -21, 3
4370, -21, -69
4371, -21, -60
4372, -21, -52
4373, -21, -45
4374, -21, -40
4375, -21, -36
4376, -21, -33
4377, -21, 18
4378, -21, 18
4379, -21, 16
4380, -35, 13
4381, -19, 27
4382, -12, 22
4383, -3, 17
4384, -3, 24
4385, 12, 18
4386, 14, 11
4387, 14, 5
4388, 14, 0
4389, 14, -5
4390, 27, -2
4391, 26, -13
4392, 28, -10
4393, 28, -13
4394, 28, -12
4395, 28, -5
4396, 27, -8
4397, 27, -8
4398, 27, -5
4399, 28, 0
4400, 28, 0
4401, 28, -2
4402, 28, 2
4403, 28, 3
4404, 26, 4
4405, 26, 5
4406, 27, 5
4407, 26, 5
4408, 14, 4
4409, 14, 4
4410, 14, 3
4411, 14, 2
4412, 14, 1
4413, 14, 0
4414, 14, 0
4415, 14, -1
4416, 14, -2
4417, 14, -2
4418, 14, -3
4419, 14, -3
4420, 14, -3
4421, 14, -3
4422, 14, -2
4423, 14, -1
4424, 14, 0
4425, 14, 0
4426, 14, 0
4427, 26, 1
4428, 27, 2
4429, 14, 3
4430, 14, 3
4431, 26, 0
4432, 14, 3
4433, 26, 3
4434, 26, -1
4435, 27, 2
4436, 14, -2
4437, 14, -4
4438, 26, -7
4439, 28, -8
4440, 26, -9
4441, 28, -3
4442, 28, -3
4443, 28, 17
4444, 28, 16
4445, 28, 16
4446, 28, 16
4447, 28, -4
4448, 28, -11
4449, 28, -11
4450, 28, -8
4451, 28, -7
4452, 28, -7
4453, 28, -3
4454, 28, -2
4455, 28, 0
4456, 35, 2
4457, 28, 3
4458, 35, 3
4459, 28, 3
4460, 35, 4
4461, 35, 4
4462, 35, 4
4463, 35, 4
4464, 35, 2
4465, 35, 2
4466, 35, 0
4467, 35, -1
4468, 35, -3
4469, 35, -20
4470, 41, -7
4471, 35, -4
4472, 38, 1
4473, 41, -2
4474, 38, 9
4475, 41, 7
4476, 41, 3
4477, 41, 0
4478, 41, -3
4479, 41, 6
4480, 41, 3
4481, 41, 2
4482, 41, 0
4483, 41, 0
4484, 41, -1
4485, 41, -3
4486, -67, -4
4487, -118, -5
4488, -118, -3
4489, -118, -2
4490, -118, 0
4491, -118, 0
4492, -118, 2
4493, -68, 2
4494, -67, 4
4495, -67, 6
4496, -67, 7
4497, -51, -3
4498, -49, -2
4499, -49, -1
4500, -36, -1
4501, -36, 0
4502, -35, 0
4503, -35, 0
4504, -35, 0
4505, -35, 0
4506, -35, 0
4507, -28, 0
4508, -28, -1
4509, -28, -1
4510, -28, -1
4511, -25, -1
4512, -20, -2
4513, -17, -2
4514, -17, -2
4515, -17, -2
4516, -13, 9
4517, -12, 10
4518, -12, -2
4519, -12, -3
4520, -12, 8
4521, -12, -4
4522, -12, 6
4523, -12, 6
4524, -4, 6
4525, -12, -7
4526, -12, -9
4527, -12, 1
4528, -12, 1
4529, -12, -1
4530, -12, 0
4531, -12, -1
4532, -12, -2
4533, -12, -2
4534, -12, -3
4535, -12, -3
4536, -12, -3
4537, -12, -3
4538, -12, -2
4539, -12, -1
4540, -12, -1
4541, -12, 0
4542, -12, 1
4543, -12, 2
4544, -12, 2
4545, -12, 10
4546, -17, 3
4547, -12, 10
4548, -17, 3
4549, -17, 9
4550, -17, 7
4551, -17, 5
4552, -17, 3
4553, -17, 0
4554, -19, -2
4555, -19, -5
4556, -12, -8
4557, 10, -11
4558, 10, -13
4559, 10, -9
4560, 10, -17
4561, 10, -15
4562, 10, -11
4563, 10, -13
4564, 10, -7
4565, 10, -4
4566, -21, 0
4567, -19, 6
4568, 10, 14
4569, -21, 22
4570, -21, 30
4571, -21, 40
4572, -21, 50
4573, -21, 60
4574, -21, 70
4575, -21, -28
4576, -21, -70
4577, -21, -61
4578, -21, -54
4579, -21, -48
4580, -21, -43
4581, -21, -39
4582, -21, 12
4583, -21, 13
4584, -21, 13
4585, -35, 11
4586, -19, 24
4587, -12, 22
4588, -3, 17
4589, -3, 25
4590, 12, 19
4591, 14, 14
4592, 14, 8
4593, 14, 2
4594, 14, -2
4595, 26, -7
4596, 26, -4
4597, 27, -8
4598, 26, -11
4599, 27, -13
4600, 26, -12
4601, 26, -8
4602, 27, -5
4603, 28, -5
4604, 14, -5
4605, 27, 0
4606, 26, 1
4607, 26, 2
4608, 28, 3
4609, 27, 3
4610, 26, 4
4611, 14, 4
4612, 26, 4
4613, 27, 12
4614, 14, 3
4615, 14, 2
4616, 14, 1
4617, 26, 0
4618, 26, 0
4619, 14, -1
4620, 14, -2
4621, 14, -2
4622, 14, -3
4623, 14, -3
4624, 14, -3
4625, 14, -3
4626, 14, -2
4627, 14, -1
4628, 14, 0
4629, 14, 0
4630, 26, 1
4631, 26, 3
4632, 28, 3
4633, 26, 4
4634, 28, 5
4635, 28, 0
4636, 28, 5
4637, 28, 0
4638, 28, 0
4639, 27, -2
4640, 28, -3
4641, 28, -5
4642, 28, -7
4643, 28, -11
4644, 28, -13
4645, 28, -8
4646, 28, 11
4647, 28, 9
4648, 28, 8
4649, 28, 7
4650, 28, 6
4651, 28, 6
4652, 28, 6
4653, 35, 7
4654, 35, 9
4655, 35, -20
4656, 28, -15
4657, 35, 15
4658, 35, -12
4659, 35, -9
4660, 35, -6
4661, 35, -3
4662, 35, 0
4663, 35, 1
4664, 35, 2
4665, 35, 3
4666, 38, 4
4667, 35, 4
4668, 35, 4
4669, 38, 3
4670, 40, 3
4671, 40, 2
4672, 41, 0
4673, 41, -2
4674, 41, -19
4675, 41, -6
4676, 41, -3
4677, 41, 2
4678, 41, -1
4679, 41, 9
4680, 41, 7
4681, 41, 3
4682, 41, 0
4683, 34, -2
4684, -118, 5
4685, -118, 0
4686, -118, 1
4687, -118, 0
4688, -118, 0
4689, -118, -2
4690, -118, -2
4691, -67, -1
4692, -67, 0
4693, -67, -13
4694, -67, 0
4695, -66, 0
4696, -49, 0
4697, -49, 3
4698, -36, 3
4699, -36, 3
4700, -36, -7
4701, -36, 5
4702, -35, 6
4703, -35, -5
4704, -35, -4
4705, -35, -4
4706, -28, 8
4707, -28, 8
4708, -28, -2
4709, -25, -2
4710, -19, -2
4711, -19, -1
4712, -17, -1
4713, -17, -1
4714, -12, -1
4715, -17, -2
4716, -17, -2
4717, -12, -2
4718, -12, -3
4719, -12, 7
4720, -12, 6
4721, -12, 7
4722, -12, 4
4723, -12, 4
4724, -12, 3
4725, -12, 1
4726, -12, 0
4727, -12, -1
4728, -12, -3
4729, -12, -3
4730, -12, -4
4731, -12, -5
4732, -12, -5
4733, -12, -5
4734, -12, -5
4735, -12, -4
4736, -12, -3
4737, -12, -2
4738, -12, -1
4739, -12, 0
4740, -12, 1
4741, -12, 2
4742, -17, 10
4743, -12, 10
4744, -13, 10
4745, -12, 3
4746, -17, 10
4747, -17, 8
4748, -17, 6
4749, -17, 4
4750, -17, 2
4751, -17, 0
4752, -17, -3
4753, -19, -6
4754, -17, -9
4755, -17, -9
4756, -12, -15
4757, -12, -16
4758, 10, -15
4759, 10, -13
4760, 10, -12
4761, 10, -9
4762, 10, -7
4763, 10, -3
4764, 10, 2
4765, 10, 8
4766, 10, 16
4767, -21, 24
4768, -21, 33
4769, -21, 43
4770, -21, 54
4771, -21, 64
4772, -21, 67
4773, -21, -74
4774, -21, -65
4775, -21, -57
4776, -21, -49
4777, -21, -43
4778, -21, -39
4779, -21, -36
4780, -21, 16
4781, -21, 16
4782, -21, 16
4783, -21, 13
4784, -21, 11
4785, -35, 24
4786, -20, 18
4787, -4, 26
4788, -3, 20
4789, -3, 14
4790, 10, 8
4791, 14, 3
4792, 14, -2
4793, 14, -7
4794, 14, -11
4795, 27, -8
4796, 27, -11
4797, 26, -13
4798, 28, -11
4799, 28, -6
4800, 28, -6
4801, 28, -4
4802, 26, -4
4803, 28, 1
4804, 28, -2
4805, 28, -1
4806, 27, 4
4807, 27, 5
4808, 26, 6
4809, 27, 6
4810, 27, 6
4811, 14, 5
4812, 14, 4
4813, 14, 3
4814, 14, 2
4815, 14, 1
4816, 14, 0
4817, 14, 0
4818, 14, -2
4819, 14, -3
4820, 14, -3
4821, 14, -4
4822, 14, -4
4823, 14, -4
4824, 14, -3
4825, 14, -3
4826, 14, -1
4827, 14, 0
4828, 14, 0
4829, 14, 1
4830, 14, 3
4831, 14, 0
4832, 14, 5
4833, 14, 5
4834, 26, 7
4835, 14, 2
4836, 14, 2
4837, 14, 1
4838, 14, 0
4839, 26, 0
4840, 26, -2
4841, 28, -4
4842, 28, -8
4843, 14, -8
4844, 26, -11
4845, 26, -7
4846, 28, -10
4847, 28, 10
4848, 28, 8
4849, 28, 7
4850, 28, 7
4851, 28, 7
4852, 28, 7
4853, 28, 8
4854, 28, 9
4855, 28, 11
4856, 28, -16
4857, 28, -14
4858, 28, -11
4859, 28, -8
4860, 28, -3
4861, 28, -3
4862, 28, -1
4863, 28, 0
4864, 35, 2
4865, 28, 3
4866, 28, 4
4867, 35, 4
4868, 35, 5
4869, 35, 5
4870, 35, 4
4871, 35, 2
4872, 35, 0
4873, 35, -2
4874, 38, -19
4875, 40, -7
4876, 35, 4
4877, 35, 1
4878, 40, -2
4879, 41, 6
4880, 41, 6
4881, 41, 2
4882, 41, -1
4883, 41, -4
4884, 41, 5
4885, 41, 2
4886, 41, 0
4887, 41, 0
4888, 41, 0
4889, 41, -1
4890, 41, -2
4891, 41, -3
4892, 41, -1
4893, 41, 0
4894, -118, 0
4895, -118, -2
4896, -118, 0
4897, -118, 1
4898, -118, 4
4899, -118, 6
4900, -118, -4
4901, -67, -3
4902, -67, -1
4903, -51, 0
4904, -49, 0
4905, -49, 0
4906, -36, 1
4907, -36, 1
4908, -35, 1
4909, -35, 1
4910, -35, 0
4911, -28, 0
4912, -28, 0
4913, -28, 0
4914, -19, 0
4915, -17, -1
4916, -17, -1
4917, -12, -1
4918, -12, -1
4919, -12, -2
4920, -12, -2
4921, -12, -2
4922, -12, -2
4923, -12, 9
4924, -12, -2
4925, -12, -2
4926, -12, -3
4927, -12, -3
4928, -12, 7
4929, -12, 7
4930, -12, 8
4931, -12, 7
4932, -12, -8
4933, -12, 2
4934, -12, 0
4935, -12, 1
4936, -17, 0
4937, -17, -1
4938, -13, -2
4939, -17, -3
4940, -17, -4
4941, -19, -4
4942, -19, -4
4943, 10, -4
4944, 10, -3
4945, 10, -3
4946, 10, -2
4947, -12, -1
4948, -19, -1
4949, -21, 0
4950, -19, 1
4951, -21, 2
4952, -21, 3
4953, -21, 11
4954, -21, 4
4955, -21, 4
4956, -21, 10
4957, -21, 9
4958, -21, 7
4959, -21, 5
4960, -21, 2
4961, -25, 0
4962, -4, -4
4963, -3, -4
4964, 12, -5
4965, 14, -13
4966, 26, -16
4967, 28, -13
4968, 27, -13
4969, 28, -14
4970, 28, -13
4971, 28, -11
4972, 28, -8
4973, 27, -4
4974, 26, 1
4975, 26, 7
4976, 14, 15
4977, 14, 24
4978, 26, 33
4979, 14, 44
4980, 14, 54
4981, 14, 64
4982, 14, 74
4983, 14, -74
4984, 14, -65
4985, 14, -57
4986, 14, -50
4987, 14, -45
4988, 14, -41
4989, 14, -39
4990, 14, 12
4991, 14, 12
4992, 14, 26
4993, 14, 24
4994, 26, 20
4995, 27, 28
4996, 14, 22
4997, 28, 16
4998, 28, 10
4999, 28, 3
