index, value
0, 2476
1, 2459
2, 2479
3, 2477
4, 2486
5, 2477
6, 2479
7, 2477
8, 2479
9, 2467
10, 2477
11, 2479
12, 2477
13, 2477
14, 2478
15, 2476
16, 2476
17, 2470
18, 2476
19, 2476
20, 2476
21, 2470
22, 2476
23, 2470
24, 2470
25, 2476
26, 2470
27, 2476
28, 2470
29, 2470
30, 2470
31, 2476
32, 2470
33, 2467
34, 2470
35, 2476
36, 2470
37, 2470
38, 2470
39, 2470
40, 2470
41, 2465
42, 2459
43, 2467
44, 2467
45, 2470
46, 2470
47, 2470
48, 2470
49, 2467
50, 2470
51, 2470
52, 2459
53, 2470
54, 2470
55, 2470
56, 2470
57, 2470
58, 2470
59, 2470
60, 2470
61, 2470
62, 2470
63, 2470
64, 2470
65, 2470
66, 2470
67, 2470
68, 2470
69, 2470
70, 2470
71, 2467
72, 2467
73, 2459
74, 2470
75, 2470
76, 2467
77, 2470
78, 2470
79, 2470
80, 2470
81, 2467
82, 2467
83, 2470
84, 2470
85, 2470
86, 2467
87, 2467
88, 2467
89, 2467
90, 2470
91, 2467
92, 2467
93, 2470
94, 2470
95, 2470
96, 2467
97, 2470
98, 2470
99, 2470
100, 2470
101, 2470
102, 2465
103, 2470
104, 2470
105, 2459
106, 2462
107, 2459
108, 2467
109, 2467
110, 2467
111, 2470
112, 2470
113, 2459
114, 2467
115, 2467
116, 2467
117, 2470
118, 2470
119, 2467
120, 2467
121, 2470
122, 2470
123, 2470
124, 2467
125, 2470
126, 2467
127, 2457
128, 2467
129, 2470
130, 2467
131, 2470
132, 2467
133, 2467
134, 2467
135, 2470
136, 2470
137, 2459
138, 2467
139, 2467
140, 2467
141, 2470
142, 2459
143, 2470
144, 2470
145, 2470
146, 2470
147, 2470
148, 2470
149, 2470
150, 2456
151, 2459
152, 2465
153, 2459
154, 2470
155, 2467
156, 2467
157, 2467
158, 2470
159, 2470
160, 2467
161, 2467
162, 2470
163, 2470
164, 2470
165, 2467
166, 2467
167, 2470
168, 2470
169, 2461
170, 2470
171, 2467
172, 2467
173, 2467
174, 2467
175, 2470
176, 2465
177, 2465
178, 2467
179, 2467
180, 2470
181, 2467
182, 2467
183, 2467
184, 2467
185, 2470
186, 2467
187, 2465
188, 2470
189, 2470
190, 2470
191, 2467
192, 2467
193, 2467
194, 2470
195, 2470
196, 2470
197, 2467
198, 2467
199, 2470
200, 2470
201, 2459
202, 2459
203, 2470
204, 2467
205, 2470
206, 2470
207, 2470
208, 2467
209, 2467
210, 2465
211, 2470
212, 2470
213, 2459
214, 2470
215, 2470
216, 2467
217, 2470
218, 2470
219, 2470
220, 2470
221, 2467
222, 2467
223, 2456
224, 2459
225, 2467
226, 2470
227, 2470
228, 2467
229, 2470
230, 2470
231, 2470
232, 2470
233, 2461
234, 2467
235, 2467
236, 2470
237, 2470
238, 2470
239, 2467
240, 2470
241, 2470
242, 2470
243, 2470
244, 2467
245, 2467
246, 2467
247, 2470
248, 2470
249, 2470
250, 2467
251, 2459
252, 2470
253, 2470
254, 2470
255, 2467
256, 2467
257, 2467
258, 2470
259, 2470
260, 2470
261, 2470
262, 2470
263, 2456
264, 2461
265, 2467
266, 2470
267, 2467
268, 2467
269, 2467
270, 2459
271, 2467
272, 2470
273, 2467
274, 2465
275, 2459
276, 2470
277, 2467
278, 2470
279, 2467
280, 2467
281, 2467
282, 2470
283, 2470
284, 2470
285, 2470
286, 2470
287, 2470
288, 2470
289, 2470
290, 2470
291, 2467
292, 2459
293, 2459
294, 2465
295, 2467
296, 2467
297, 2459
298, 2462
299, 2459
300, 2467
301, 2470
302, 2459
303, 2465
304, 2470
305, 2470
306, 2470
307, 2470
308, 2467
309, 2470
310, 2470
311, 2470
312, 2470
313, 2459
314, 2467
315, 2467
316, 2459
317, 2467
318, 2470
319, 2467
320, 2467
321, 2470
322, 2470
323, 2467
324, 2467
325, 2467
326, 2470
327, 2457
328, 2467
329, 2459
330, 2470
331, 2470
332, 2470
333, 2467
334, 2470
335, 2470
336, 2470
337, 2467
338, 2465
339, 2467
340, 2467
341, 2470
342, 2467
343, 2467
344, 2470
345, 2459
346, 2467
347, 2470
348, 2470
349, 2465
350, 2470
351, 2467
352, 2470
353, 2470
354, 2467
355, 2467
356, 2470
357, 2470
358, 2470
359, 2459
360, 2467
361, 2459
362, 2464
363, 2459
364, 2467
365, 2470
366, 2470
367, 2467
368, 2464
369, 2459
370, 2467
371, 2470
372, 2470
373, 2470
374, 2467
375, 2470
376, 2470
377, 2470
378, 2467
379, 2470
380, 2470
381, 2470
382, 2470
383, 2465
384, 2456
385, 2459
386, 2467
387, 2470
388, 2467
389, 2467
390, 2470
391, 2470
392, 2470
393, 2459
394, 2467
395, 2467
396, 2465
397, 2470
398, 2470
399, 2467
400, 2467
401, 2470
402, 2470
403, 2470
404, 2467
405, 2465
406, 2467
407, 2467
408, 2467
409, 2470
410, 2467
411, 2465
412, 2470
413, 2470
414, 2470
415, 2467
416, 2470
417, 2470
418, 2456
419, 2464
420, 2459
421, 2462
422, 2461
423, 2470
424, 2470
425, 2464
426, 2467
427, 2470
428, 2467
429, 2467
430, 2467
431, 2467
432, 2467
433, 2470
434, 2467
435, 2467
436, 2467
437, 2467
438, 2470
439, 2470
440, 2470
441, 2470
442, 2470
443, 2470
444, 2467
445, 2470
446, 2470
447, 2470
448, 2470
449, 2467
450, 2470
451, 2470
452, 2470
453, 2467
454, 2465
455, 2465
456, 2470
457, 2459
458, 2470
459, 2462
460, 2459
461, 2470
462, 2470
463, 2470
464, 2470
465, 2467
466, 2470
467, 2470
468, 2470
469, 2470
470, 2467
471, 2465
472, 2467
473, 2470
474, 2470
475, 2470
476, 2467
477, 2465
478, 2467
479, 2459
480, 2467
481, 2470
482, 2467
483, 2465
484, 2470
485, 2456
486, 2467
487, 2467
488, 2470
489, 2464
490, 2459
491, 2470
492, 2470
493, 2467
494, 2470
495, 2470
496, 2470
497, 2456
498, 2459
499, 2467
500, 2470
501, 2470
502, 2470
503, 2467
504, 2470
505, 2470
506, 2470
507, 2470
508, 2470
509, 2459
510, 2465
511, 2470
512, 2470
513, 2470
514, 2470
515, 2467
516, 2470
517, 2470
518, 2470
519, 2470
520, 2467
521, 2456
522, 2459
523, 2467
524, 2467
525, 2467
526, 2470
527, 2470
528, 2470
529, 2467
530, 2470
531, 2470
532, 2470
533, 2456
534, 2459
535, 2470
536, 2470
537, 2470
538, 2467
539, 2467
540, 2457
541, 2467
542, 2465
543, 2470
544, 2467
545, 2462
546, 2459
547, 2465
548, 2467
549, 2470
550, 2470
551, 2467
552, 2467
553, 2459
554, 2467
555, 2470
556, 2470
557, 2470
558, 2467
559, 2467
560, 2470
561, 2470
562, 2470
563, 2467
564, 2467
565, 2470
566, 2470
567, 2467
568, 2467
569, 2465
570, 2470
571, 2467
572, 2470
573, 2467
574, 2465
575, 2470
576, 2470
577, 2470
578, 2470
579, 2467
580, 2467
581, 2467
582, 2470
583, 2470
584, 2470
585, 2459
586, 2470
587, 2467
588, 2470
589, 2467
590, 2470
591, 2470
592, 2467
593, 2465
594, 2470
595, 2467
596, 2467
597, 2467
598, 2465
599, 2470
600, 2470
601, 2470
602, 2467
603, 2467
604, 2467
605, 2470
606, 2470
607, 2467
608, 2444
609, 2459
610, 2470
611, 2467
612, 2467
613, 2470
614, 2470
615, 2470
616, 2467
617, 2459
618, 2465
619, 2470
620, 2470
621, 2470
622, 2467
623, 2467
624, 2470
625, 2470
626, 2470
627, 2470
628, 2467
629, 2470
630, 2470
631, 2470
632, 2467
633, 2467
634, 2459
635, 2464
636, 2459
637, 2461
638, 2470
639, 2467
640, 2467
641, 2467
642, 2470
643, 2470
644, 2470
645, 2467
646, 2467
647, 2470
648, 2470
649, 2461
650, 2470
651, 2459
652, 2470
653, 2470
654, 2470
655, 2467
656, 2462
657, 2459
658, 2465
659, 2467
660, 2467
661, 2470
662, 2470
663, 2459
664, 2465
665, 2470
666, 2467
667, 2470
668, 2467
669, 2465
670, 2470
671, 2467
672, 2456
673, 2470
674, 2476
675, 2476
676, 2457
677, 2476
678, 2476
679, 2476
680, 2470
681, 2470
682, 2470
683, 2470
684, 2470
685, 2476
686, 2470
687, 2470
688, 2470
689, 2467
690, 2467
691, 2470
692, 2470
693, 2467
694, 2470
695, 2467
696, 2470
697, 2476
698, 2470
699, 2470
700, 2470
701, 2470
702, 2470
703, 2470
704, 2470
705, 2470
706, 2470
707, 2461
708, 2470
709, 2470
710, 2470
711, 2470
712, 2470
713, 2467
714, 2470
715, 2470
716, 2470
717, 2470
718, 2470
719, 2470
720, 2470
721, 2467
722, 2467
723, 2459
724, 2467
725, 2470
726, 2470
727, 2467
728, 2467
729, 2470
730, 2470
731, 2470
732, 2467
733, 2470
734, 2470
735, 2470
736, 2470
737, 2467
738, 2467
739, 2470
740, 2470
741, 2470
742, 2467
743, 2467
744, 2470
745, 2459
746, 2456
747, 2459
748, 2470
749, 2467
750, 2467
751, 2470
752, 2470
753, 2470
754, 2470
755, 2467
756, 2467
757, 2470
758, 2470
759, 2467
760, 2467
761, 2459
762, 2467
763, 2470
764, 2470
765, 2467
766, 2465
767, 2467
768, 2470
769, 2470
770, 2467
771, 2467
772, 2467
773, 2467
774, 2463
775, 2459
776, 2465
777, 2465
778, 2470
779, 2470
780, 2462
781, 2459
782, 2467
783, 2459
784, 2467
785, 2470
786, 2470
787, 2470
788, 2467
789, 2465
790, 2470
791, 2470
792, 2470
793, 2467
794, 2465
795, 2465
796, 2467
797, 2467
798, 2457
799, 2467
800, 2470
801, 2470
802, 2467
803, 2470
804, 2470
805, 2470
806, 2467
807, 2467
808, 2470
809, 2467
810, 2470
811, 2470
812, 2456
813, 2459
814, 2470
815, 2467
816, 2467
817, 2467
818, 2470
819, 2470
820, 2470
821, 2465
822, 2470
823, 2470
824, 2470
825, 2470
826, 2467
827, 2470
828, 2470
829, 2470
830, 2470
831, 2467
832, 2470
833, 2470
834, 2470
835, 2470
836, 2467
837, 2470
838, 2470
839, 2470
840, 2467
841, 2459
842, 2467
843, 2467
844, 2467
845, 2470
846, 2467
847, 2467
848, 2467
849, 2470
850, 2470
851, 2470
852, 2470
853, 2467
854, 2467
855, 2470
856, 2470
857, 2470
858, 2467
859, 2470
860, 2470
861, 2467
862, 2467
863, 2465
864, 2467
865, 2470
866, 2467
867, 2457
868, 2463
869, 2459
870, 2465
871, 2470
872, 2470
873, 2461
874, 2470
875, 2470
876, 2470
877, 2470
878, 2467
879, 2470
880, 2470
881, 2467
882, 2470
883, 2470
884, 2470
885, 2467
886, 2465
887, 2467
888, 2459
889, 2461
890, 2467
891, 2467
892, 2467
893, 2470
894, 2470
895, 2467
896, 2467
897, 2465
898, 2470
899, 2470
900, 2470
901, 2467
902, 2467
903, 2470
904, 2470
905, 2461
906, 2470
907, 2467
908, 2464
909, 2459
910, 2467
911, 2470
912, 2467
913, 2467
914, 2464
915, 2459
916, 2467
917, 2467
918, 2465
919, 2467
920, 2470
921, 2470
922, 2467
923, 2467
924, 2467
925, 2470
926, 2470
927, 2470
928, 2470
929, 2470
930, 2467
931, 2462
932, 2459
933, 2465
934, 2465
935, 2467
936, 2470
937, 2459
938, 2467
939, 2467
940, 2465
941, 2467
942, 2470
943, 2470
944, 2467
945, 2465
946, 2465
947, 2467
948, 2467
949, 2461
950, 2470
951, 2470
952, 2470
953, 2467
954, 2467
955, 2470
956, 2467
957, 2465
958, 2470
959, 2470
960, 2467
961, 2470
962, 2467
963, 2470
964, 2470
965, 2470
966, 2467
967, 2465
968, 2470
969, 2470
970, 2470
971, 2470
972, 2467
973, 2467
974, 2470
975, 2470
976, 2470
977, 2467
978, 2465
979, 2467
980, 2467
981, 2467
982, 2456
983, 2459
984, 2467
985, 2456
986, 2459
987, 2465
988, 2470
989, 2470
990, 2470
991, 2467
992, 2467
993, 2470
994, 2467
995, 2470
996, 2470
997, 2467
998, 2467
999, 2470
1000, 2470
1001, 2459
1002, 2467
1003, 2465
1004, 2470
1005, 2467
1006, 2470
1007, 2467
1008, 2467
1009, 2467
1010, 2470
1011, 2470
1012, 2470
1013, 2467
1014, 2470
1015, 2470
1016, 2470
1017, 2470
1018, 2467
1019, 2457
1020, 2470
1021, 2467
1022, 2467
1023, 2467
1024, 2467
1025, 2470
1026, 2467
1027, 2467
1028, 2467
1029, 2465
1030, 2462
1031, 2459
1032, 2465
1033, 2459
1034, 2467
1035, 2467
1036, 2470
1037, 2470
1038, 2467
1039, 2470
1040, 2470
1041, 2459
1042, 2470
1043, 2470
1044, 2470
1045, 2467
1046, 2470
1047, 2467
1048, 2470
1049, 2467
1050, 2465
1051, 2470
1052, 2470
1053, 2467
1054, 2459
1055, 2465
1056, 2464
1057, 2459
1058, 2470
1059, 2470
1060, 2467
1061, 2470
1062, 2470
1063, 2470
1064, 2470
1065, 2459
1066, 2467
1067, 2470
1068, 2459
1069, 2467
1070, 2470
1071, 2467
1072, 2465
1073, 2467
1074, 2470
1075, 2467
1076, 2467
1077, 2467
1078, 2467
1079, 2470
1080, 2470
1081, 2470
1082, 2467
1083, 2470
1084, 2470
1085, 2470
1086, 2467
1087, 2467
1088, 2470
1089, 2467
1090, 2457
1091, 2467
1092, 2467
1093, 2467
1094, 2470
1095, 2467
1096, 2465
1097, 2456
1098, 2459
1099, 2467
1100, 2465
1101, 2470
1102, 2470
1103, 2470
1104, 2470
1105, 2467
1106, 2467
1107, 2470
1108, 2470
1109, 2470
1110, 2467
1111, 2470
1112, 2470
1113, 2470
1114, 2467
1115, 2467
1116, 2467
1117, 2464
1118, 2459
1119, 2467
1120, 2467
1121, 2459
1122, 2465
1123, 2470
1124, 2467
1125, 2467
1126, 2467
1127, 2470
1128, 2470
1129, 2459
1130, 2470
1131, 2467
1132, 2467
1133, 2470
1134, 2470
1135, 2470
1136, 2456
1137, 2459
1138, 2470
1139, 2470
1140, 2467
1141, 2465
1142, 2467
1143, 2459
1144, 2461
1145, 2467
1146, 2467
1147, 2467
1148, 2470
1149, 2470
1150, 2470
1151, 2467
1152, 2470
1153, 2470
1154, 2470
1155, 2470
1156, 2467
1157, 2459
1158, 2467
1159, 2470
1160, 2470
1161, 2459
1162, 2467
1163, 2467
1164, 2465
1165, 2470
1166, 2470
1167, 2459
1168, 2461
1169, 2467
1170, 2467
1171, 2467
1172, 2467
1173, 2470
1174, 2470
1175, 2467
1176, 2467
1177, 2470
1178, 2467
1179, 2470
1180, 2470
1181, 2467
1182, 2470
1183, 2470
1184, 2470
1185, 2467
1186, 2465
1187, 2467
1188, 2467
1189, 2457
1190, 2470
1191, 2470
1192, 2467
1193, 2467
1194, 2470
1195, 2470
1196, 2470
1197, 2467
1198, 2467
1199, 2465
1200, 2459
1201, 2470
1202, 2462
1203, 2459
1204, 2467
1205, 2467
1206, 2470
1207, 2470
1208, 2467
1209, 2459
1210, 2465
1211, 2465
1212, 2470
1213, 2470
1214, 2467
1215, 2465
1216, 2467
1217, 2470
1218, 2470
1219, 2467
1220, 2467
1221, 2467
1222, 2470
1223, 2470
1224, 2459
1225, 2456
1226, 2459
1227, 2470
1228, 2470
1229, 2467
1230, 2467
1231, 2464
1232, 2459
1233, 2467
1234, 2470
1235, 2465
1236, 2467
1237, 2470
1238, 2470
1239, 2467
1240, 2465
1241, 2467
1242, 2470
1243, 2470
1244, 2470
1245, 2470
1246, 2465
1247, 2470
1248, 2470
1249, 2470
1250, 2470
1251, 2470
1252, 2470
1253, 2470
1254, 2470
1255, 2467
1256, 2467
1257, 2457
1258, 2467
1259, 2470
1260, 2467
1261, 2470
1262, 2467
1263, 2465
1264, 2467
1265, 2470
1266, 2470
1267, 2467
1268, 2470
1269, 2470
1270, 2470
1271, 2467
1272, 2467
1273, 2467
1274, 2467
1275, 2470
1276, 2467
1277, 2467
1278, 2465
1279, 2457
1280, 2465
1281, 2470
1282, 2470
1283, 2467
1284, 2465
1285, 2467
1286, 2467
1287, 2470
1288, 2470
1289, 2459
1290, 2467
1291, 2470
1292, 2470
1293, 2470
1294, 2470
1295, 2459
1296, 2470
1297, 2470
1298, 2467
1299, 2467
1300, 2467
1301, 2470
1302, 2467
1303, 2465
1304, 2467
1305, 2470
1306, 2459
1307, 2467
1308, 2470
1309, 2467
1310, 2456
1311, 2459
1312, 2470
1313, 2467
1314, 2467
1315, 2470
1316, 2470
1317, 2470
1318, 2470
1319, 2467
1320, 2470
1321, 2459
1322, 2461
1323, 2456
1324, 2459
1325, 2470
1326, 2470
1327, 2467
1328, 2467
1329, 2470
1330, 2470
1331, 2470
1332, 2467
1333, 2470
1334, 2470
1335, 2459
1336, 2470
1337, 2470
1338, 2470
1339, 2470
1340, 2470
1341, 2470
1342, 2470
1343, 2467
1344, 2467
1345, 2467
1346, 2467
1347, 2470
1348, 2467
1349, 2467
1350, 2467
1351, 2470
1352, 2470
1353, 2456
1354, 2459
1355, 2461
1356, 2465
1357, 2467
1358, 2467
1359, 2470
1360, 2470
1361, 2467
1362, 2465
1363, 2470
1364, 2470
1365, 2470
1366, 2470
1367, 2467
1368, 2457
1369, 2467
1370, 2467
1371, 2467
1372, 2467
1373, 2467
1374, 2467
1375, 2470
1376, 2470
1377, 2470
1378, 2467
1379, 2467
1380, 2470
1381, 2470
1382, 2470
1383, 2470
1384, 2467
1385, 2467
1386, 2467
1387, 2470
1388, 2470
1389, 2467
1390, 2467
1391, 2467
1392, 2470
1393, 2467
1394, 2467
1395, 2467
1396, 2470
1397, 2470
1398, 2470
1399, 2470
1400, 2470
1401, 2467
1402, 2470
1403, 2467
1404, 2467
1405, 2467
1406, 2470
1407, 2470
1408, 2467
1409, 2467
1410, 2470
1411, 2470
1412, 2467
1413, 2467
1414, 2465
1415, 2470
1416, 2470
1417, 2467
1418, 2465
1419, 2465
1420, 2470
1421, 2445
1422, 2467
1423, 2467
1424, 2470
1425, 2470
1426, 2470
1427, 2467
1428, 2470
1429, 2470
1430, 2470
1431, 2470
1432, 2470
1433, 2470
1434, 2470
1435, 2470
1436, 2470
1437, 2467
1438, 2467
1439, 2461
1440, 2467
1441, 2467
1442, 2467
1443, 2467
1444, 2459
1445, 2465
1446, 2470
1447, 2470
1448, 2470
1449, 2459
1450, 2467
1451, 2467
1452, 2470
1453, 2470
1454, 2470
1455, 2470
1456, 2470
1457, 2470
1458, 2470
1459, 2470
1460, 2467
1461, 2467
1462, 2467
1463, 2467
1464, 2467
1465, 2467
1466, 2465
1467, 2467
1468, 2470
1469, 2470
1470, 2470
1471, 2467
1472, 2467
1473, 2470
1474, 2467
1475, 2470
1476, 2470
1477, 2467
1478, 2470
1479, 2470
1480, 2470
1481, 2456
1482, 2459
1483, 2461
1484, 2470
1485, 2467
1486, 2467
1487, 2465
1488, 2470
1489, 2470
1490, 2470
1491, 2467
1492, 2470
1493, 2470
1494, 2470
1495, 2467
1496, 2467
1497, 2470
1498, 2459
1499, 2467
1500, 2467
1501, 2459
1502, 2470
1503, 2470
1504, 2470
1505, 2470
1506, 2467
1507, 2464
1508, 2459
1509, 2467
1510, 2470
1511, 2467
1512, 2467
1513, 2457
1514, 2470
1515, 2467
1516, 2470
1517, 2470
1518, 2470
1519, 2470
1520, 2470
1521, 2467
1522, 2470
1523, 2470
1524, 2457
1525, 2470
1526, 2470
1527, 2467
1528, 2467
1529, 2470
1530, 2470
1531, 2467
1532, 2467
1533, 2465
1534, 2467
1535, 2470
1536, 2467
1537, 2467
1538, 2467
1539, 2470
1540, 2470
1541, 2470
1542, 2470
1543, 2470
1544, 2470
1545, 2459
1546, 2470
1547, 2470
1548, 2470
1549, 2467
1550, 2467
1551, 2459
1552, 2467
1553, 2470
1554, 2470
1555, 2467
1556, 2470
1557, 2470
1558, 2470
1559, 2470
1560, 2467
1561, 2467
1562, 2470
1563, 2470
1564, 2470
1565, 2467
1566, 2467
1567, 2470
1568, 2470
1569, 2470
1570, 2467
1571, 2467
1572, 2470
1573, 2467
1574, 2467
1575, 2467
1576, 2465
1577, 2459
1578, 2467
1579, 2470
1580, 2470
1581, 2465
1582, 2467
1583, 2467
1584, 2467
1585, 2470
1586, 2467
1587, 2465
1588, 2470
1589, 2470
1590, 2467
1591, 2467
1592, 2467
1593, 2467
1594, 2470
1595, 2470
1596, 2467
1597, 2465
1598, 2467
1599, 2467
1600, 2467
1601, 2465
1602, 2470
1603, 2467
1604, 2470
1605, 2470
1606, 2457
1607, 2470
1608, 2467
1609, 2459
1610, 2467
1611, 2467
1612, 2470
1613, 2470
1614, 2470
1615, 2467
1616, 2459
1617, 2467
1618, 2470
1619, 2470
1620, 2467
1621, 2467
1622, 2465
1623, 2470
1624, 2470
1625, 2467
1626, 2467
1627, 2465
1628, 2470
1629, 2467
1630, 2467
1631, 2470
1632, 2467
1633, 2467
1634, 2470
1635, 2470
1636, 2467
1637, 2470
1638, 2467
1639, 2467
1640, 2470
1641, 2470
1642, 2470
1643, 2467
1644, 2464
1645, 2459
1646, 2467
1647, 2470
1648, 2467
1649, 2467
1650, 2457
1651, 2467
1652, 2470
1653, 2470
1654, 2459
1655, 2467
1656, 2465
1657, 2465
1658, 2470
1659, 2470
1660, 2470
1661, 2467
1662, 2470
1663, 2470
1664, 2470
1665, 2467
1666, 2465
1667, 2464
1668, 2459
1669, 2470
1670, 2459
1671, 2462
1672, 2459
1673, 2459
1674, 2467
1675, 2467
1676, 2467
1677, 2470
1678, 2470
1679, 2467
1680, 2470
1681, 2470
1682, 2470
1683, 2470
1684, 2467
1685, 2470
1686, 2470
1687, 2470
1688, 2470
1689, 2465
1690, 2465
1691, 2470
1692, 2462
1693, 2459
1694, 2467
1695, 2467
1696, 2470
1697, 2467
1698, 2467
1699, 2467
1700, 2470
1701, 2470
1702, 2470
1703, 2470
1704, 2470
1705, 2459
1706, 2465
1707, 2470
1708, 2470
1709, 2470
1710, 2467
1711, 2465
1712, 2470
1713, 2467
1714, 2467
1715, 2465
1716, 2465
1717, 2470
1718, 2467
1719, 2467
1720, 2467
1721, 2465
1722, 2467
1723, 2470
1724, 2470
1725, 2467
1726, 2457
1727, 2470
1728, 2467
1729, 2470
1730, 2470
1731, 2470
1732, 2470
1733, 2467
1734, 2470
1735, 2467
1736, 2470
1737, 2456
1738, 2459
1739, 2470
1740, 2470
1741, 2470
1742, 2470
1743, 2467
1744, 2470
1745, 2470
1746, 2470
1747, 2467
1748, 2470
1749, 2470
1750, 2470
1751, 2470
1752, 2467
1753, 2467
1754, 2470
1755, 2470
1756, 2467
1757, 2465
1758, 2467
1759, 2467
1760, 2470
1761, 2470
1762, 2467
1763, 2467
1764, 2470
1765, 2470
1766, 2470
1767, 2467
1768, 2470
1769, 2467
1770, 2459
1771, 2470
1772, 2470
1773, 2470
1774, 2467
1775, 2467
1776, 2470
1777, 2470
1778, 2467
1779, 2465
1780, 2467
1781, 2467
1782, 2470
1783, 2470
1784, 2467
1785, 2465
1786, 2470
1787, 2470
1788, 2470
1789, 2467
1790, 2467
1791, 2467
1792, 2470
1793, 2470
1794, 2470
1795, 2467
1796, 2470
1797, 2470
1798, 2470
1799, 2470
1800, 2467
1801, 2456
1802, 2459
1803, 2467
1804, 2470
1805, 2470
1806, 2467
1807, 2467
1808, 2470
1809, 2467
1810, 2467
1811, 2467
1812, 2467
1813, 2470
1814, 2470
1815, 2467
1816, 2456
1817, 2461
1818, 2467
1819, 2470
1820, 2470
1821, 2470
1822, 2470
1823, 2467
1824, 2465
1825, 2470
1826, 2467
1827, 2470
1828, 2461
1829, 2465
1830, 2467
1831, 2470
1832, 2470
1833, 2461
1834, 2470
1835, 2467
1836, 2470
1837, 2470
1838, 2470
1839, 2467
1840, 2467
1841, 2467
1842, 2470
1843, 2470
1844, 2470
1845, 2467
1846, 2465
1847, 2467
1848, 2467
1849, 2467
1850, 2465
1851, 2467
1852, 2467
1853, 2470
1854, 2470
1855, 2465
1856, 2465
1857, 2470
1858, 2470
1859, 2470
1860, 2457
1861, 2470
1862, 2470
1863, 2467
1864, 2470
1865, 2464
1866, 2467
1867, 2470
1868, 2470
1869, 2470
1870, 2470
1871, 2467
1872, 2456
1873, 2459
1874, 2470
1875, 2470
1876, 2467
1877, 2467
1878, 2470
1879, 2470
1880, 2467
1881, 2467
1882, 2470
1883, 2470
1884, 2470
1885, 2470
1886, 2467
1887, 2467
1888, 2470
1889, 2470
1890, 2470
1891, 2467
1892, 2465
1893, 2467
1894, 2467
1895, 2470
1896, 2467
1897, 2456
1898, 2459
1899, 2467
1900, 2470
1901, 2470
1902, 2470
1903, 2470
1904, 2470
1905, 2470
1906, 2470
1907, 2467
1908, 2470
1909, 2470
1910, 2470
1911, 2467
1912, 2467
1913, 2470
1914, 2470
1915, 2470
1916, 2467
1917, 2467
1918, 2467
1919, 2467
1920, 2467
1921, 2467
1922, 2467
1923, 2467
1924, 2467
1925, 2470
1926, 2467
1927, 2465
1928, 2467
1929, 2464
1930, 2459
1931, 2467
1932, 2467
1933, 2467
1934, 2467
1935, 2467
1936, 2470
1937, 2470
1938, 2470
1939, 2467
1940, 2467
1941, 2456
1942, 2459
1943, 2467
1944, 2470
1945, 2470
1946, 2467
1947, 2470
1948, 2465
1949, 2470
1950, 2470
1951, 2470
1952, 2467
1953, 2470
1954, 2470
1955, 2470
1956, 2470
1957, 2467
1958, 2470
1959, 2470
1960, 2470
1961, 2459
1962, 2467
1963, 2467
1964, 2465
1965, 2470
1966, 2470
1967, 2470
1968, 2467
1969, 2467
1970, 2467
1971, 2470
1972, 2461
1973, 2459
1974, 2465
1975, 2470
1976, 2470
1977, 2470
1978, 2467
1979, 2467
1980, 2465
1981, 2470
1982, 2470
1983, 2470
1984, 2467
1985, 2470
1986, 2445
1987, 2459
1988, 2465
1989, 2470
1990, 2470
1991, 2470
1992, 2470
1993, 2459
1994, 2470
1995, 2470
1996, 2467
1997, 2470
1998, 2470
1999, 2470
2000, 2467
2001, 2467
2002, 2470
2003, 2470
2004, 2470
2005, 2470
2006, 2467
2007, 2467
2008, 2470
2009, 2467
2010, 2467
2011, 2470
2012, 2467
2013, 2470
2014, 2470
2015, 2467
2016, 2467
2017, 2470
2018, 2470
2019, 2470
2020, 2467
2021, 2467
2022, 2467
2023, 2467
2024, 2470
2025, 2461
2026, 2470
2027, 2470
2028, 2470
2029, 2470
2030, 2467
2031, 2467
2032, 2467
2033, 2465
2034, 2467
2035, 2467
2036, 2461
2037, 2465
2038, 2470
2039, 2467
2040, 2467
2041, 2467
2042, 2467
2043, 2467
2044, 2467
2045, 2467
2046, 2470
2047, 2467
2048, 2470
2049, 2470
2050, 2470
2051, 2470
2052, 2470
2053, 2467
2054, 2467
2055, 2470
2056, 2470
2057, 2459
2058, 2465
2059, 2467
2060, 2470
2061, 2470
2062, 2470
2063, 2467
2064, 2467
2065, 2467
2066, 2470
2067, 2470
2068, 2467
2069, 2467
2070, 2467
2071, 2470
2072, 2470
2073, 2467
2074, 2467
2075, 2459
2076, 2459
2077, 2465
2078, 2467
2079, 2470
2080, 2470
2081, 2470
2082, 2465
2083, 2467
2084, 2470
2085, 2470
2086, 2461
2087, 2467
2088, 2467
2089, 2470
2090, 2470
2091, 2470
2092, 2467
2093, 2467
2094, 2470
2095, 2470
2096, 2456
2097, 2464
2098, 2467
2099, 2470
2100, 2470
2101, 2470
2102, 2467
2103, 2467
2104, 2467
2105, 2470
2106, 2467
2107, 2467
2108, 2470
2109, 2470
2110, 2470
2111, 2470
2112, 2467
2113, 2470
2114, 2470
2115, 2470
2116, 2467
2117, 2467
2118, 2465
2119, 2467
2120, 2470
2121, 2456
2122, 2459
2123, 2465
2124, 2467
2125, 2467
2126, 2470
2127, 2470
2128, 2465
2129, 2467
2130, 2470
2131, 2470
2132, 2470
2133, 2467
2134, 2467
2135, 2470
2136, 2470
2137, 2470
2138, 2459
2139, 2470
2140, 2470
2141, 2467
2142, 2470
2143, 2470
2144, 2470
2145, 2470
2146, 2467
2147, 2467
2148, 2467
2149, 2467
2150, 2465
2151, 2470
2152, 2470
2153, 2459
2154, 2467
2155, 2470
2156, 2467
2157, 2464
2158, 2459
2159, 2470
2160, 2470
2161, 2467
2162, 2465
2163, 2467
2164, 2470
2165, 2470
2166, 2467
2167, 2467
2168, 2467
2169, 2467
2170, 2467
2171, 2467
2172, 2467
2173, 2467
2174, 2457
2175, 2465
2176, 2467
2177, 2456
2178, 2459
2179, 2470
2180, 2467
2181, 2465
2182, 2470
2183, 2470
2184, 2470
2185, 2461
2186, 2467
2187, 2467
2188, 2465
2189, 2470
2190, 2470
2191, 2470
2192, 2467
2193, 2467
2194, 2467
2195, 2461
2196, 2463
2197, 2459
2198, 2465
2199, 2457
2200, 2464
2201, 2459
2202, 2470
2203, 2470
2204, 2467
2205, 2467
2206, 2470
2207, 2470
2208, 2470
2209, 2467
2210, 2467
2211, 2470
2212, 2470
2213, 2470
2214, 2467
2215, 2470
2216, 2470
2217, 2459
2218, 2467
2219, 2467
2220, 2465
2221, 2465
2222, 2470
2223, 2470
2224, 2467
2225, 2465
2226, 2467
2227, 2470
2228, 2470
2229, 2467
2230, 2467
2231, 2470
2232, 2470
2233, 2470
2234, 2467
2235, 2467
2236, 2465
2237, 2470
2238, 2470
2239, 2467
2240, 2467
2241, 2459
2242, 2467
2243, 2465
2244, 2470
2245, 2470
2246, 2470
2247, 2470
2248, 2467
2249, 2459
2250, 2467
2251, 2467
2252, 2470
2253, 2476
2254, 2470
2255, 2459
2256, 2470
2257, 2467
2258, 2467
2259, 2470
2260, 2470
2261, 2470
2262, 2470
2263, 2467
2264, 2464
2265, 2459
2266, 2470
2267, 2470
2268, 2459
2269, 2467
2270, 2467
2271, 2465
2272, 2470
2273, 2470
2274, 2470
2275, 2470
2276, 2470
2277, 2470
2278, 2476
2279, 2470
2280, 2470
2281, 2459
2282, 2467
2283, 2467
2284, 2456
2285, 2459
2286, 2470
2287, 2470
2288, 2467
2289, 2465
2290, 2470
2291, 2470
2292, 2470
2293, 2470
2294, 2467
2295, 2470
2296, 2456
2297, 2461
2298, 2470
2299, 2467
2300, 2470
2301, 2470
2302, 2470
2303, 2470
2304, 2470
2305, 2465
2306, 2467
2307, 2467
2308, 2445
2309, 2467
2310, 2470
2311, 2470
2312, 2467
2313, 2459
2314, 2470
2315, 2470
2316, 2470
2317, 2470
2318, 2470
2319, 2470
2320, 2456
2321, 2461
2322, 2470
2323, 2467
2324, 2467
2325, 2470
2326, 2470
2327, 2467
2328, 2465
2329, 2467
2330, 2467
2331, 2467
2332, 2456
2333, 2459
2334, 2465
2335, 2470
2336, 2467
2337, 2470
2338, 2470
2339, 2467
2340, 2467
2341, 2470
2342, 2470
2343, 2470
2344, 2456
2345, 2459
2346, 2467
2347, 2459
2348, 2461
2349, 2470
2350, 2467
2351, 2464
2352, 2459
2353, 2461
2354, 2461
2355, 2461
2356, 2467
2357, 2465
2358, 2467
2359, 2467
2360, 2467
2361, 2470
2362, 2470
2363, 2470
2364, 2467
2365, 2470
2366, 2459
2367, 2456
2368, 2459
2369, 2465
2370, 2465
2371, 2464
2372, 2459
2373, 2470
2374, 2467
2375, 2467
2376, 2467
2377, 2465
2378, 2464
2379, 2459
2380, 2470
2381, 2470
2382, 2470
2383, 2459
2384, 2465
2385, 2470
2386, 2470
2387, 2470
2388, 2467
2389, 2459
2390, 2465
2391, 2464
2392, 2459
2393, 2459
2394, 2459
2395, 2459
2396, 2461
2397, 2470
2398, 2467
2399, 2465
2400, 2459
2401, 2467
2402, 2470
2403, 2467
2404, 2467
2405, 2467
2406, 2467
2407, 2467
2408, 2470
2409, 2467
2410, 2467
2411, 2470
2412, 2467
2413, 2465
2414, 2464
2415, 2459
2416, 2470
2417, 2467
2418, 2459
2419, 2459
2420, 2470
2421, 2465
2422, 2464
2423, 2459
2424, 2467
2425, 2470
2426, 2462
2427, 2467
2428, 2467
2429, 2470
2430, 2470
2431, 2470
2432, 2470
2433, 2470
2434, 2467
2435, 2467
2436, 2467
2437, 2467
2438, 2459
2439, 2465
2440, 2456
2441, 2456
2442, 2459
2443, 2461
2444, 2467
2445, 2470
2446, 2467
2447, 2470
2448, 2462
2449, 2459
2450, 2467
2451, 2467
2452, 2470
2453, 2470
2454, 2467
2455, 2470
2456, 2470
2457, 2467
2458, 2465
2459, 2465
2460, 2464
2461, 2459
2462, 2467
2463, 2470
2464, 2462
2465, 2459
2466, 2465
2467, 2470
2468, 2470
2469, 2456
2470, 2445
2471, 2456
2472, 2467
2473, 2459
2474, 2467
2475, 2470
2476, 2470
2477, 2459
2478, 2470
2479, 2470
2480, 2467
2481, 2465
2482, 2467
2483, 2470
2484, 2456
2485, 2465
2486, 2470
2487, 2470
2488, 2459
2489, 2461
2490, 2467
2491, 2470
2492, 2470
2493, 2467
2494, 2470
2495, 2470
2496, 2470
2497, 2462
2498, 2462
2499, 2459
2500, 2467
2501, 2470
2502, 2470
2503, 2461
2504, 2470
2505, 2459
2506, 2459
2507, 2463
2508, 2459
2509, 2465
2510, 2467
2511, 2470
2512, 2470
2513, 2470
2514, 2467
2515, 2470
2516, 2470
2517, 2467
2518, 2467
2519, 2470
2520, 2470
2521, 2467
2522, 2470
2523, 2470
2524, 2467
2525, 2470
2526, 2467
2527, 2465
2528, 2470
2529, 2470
2530, 2470
2531, 2467
2532, 2470
2533, 2464
2534, 2459
2535, 2467
2536, 2470
2537, 2459
2538, 2465
2539, 2465
2540, 2470
2541, 2470
2542, 2470
2543, 2467
2544, 2467
2545, 2470
2546, 2467
2547, 2470
2548, 2470
2549, 2467
2550, 2465
2551, 2464
2552, 2459
2553, 2470
2554, 2470
2555, 2467
2556, 2467
2557, 2470
2558, 2470
2559, 2470
2560, 2467
2561, 2467
2562, 2470
2563, 2470
2564, 2467
2565, 2470
2566, 2470
2567, 2470
2568, 2470
2569, 2459
2570, 2470
2571, 2470
2572, 2467
2573, 2465
2574, 2465
2575, 2467
2576, 2467
2577, 2459
2578, 2465
2579, 2470
2580, 2467
2581, 2467
2582, 2463
2583, 2459
2584, 2465
2585, 2467
2586, 2470
2587, 2467
2588, 2470
2589, 2467
2590, 2464
2591, 2464
2592, 2467
2593, 2470
2594, 2470
2595, 2467
2596, 2465
2597, 2467
2598, 2465
2599, 2465
2600, 2470
2601, 2467
2602, 2467
2603, 2465
2604, 2467
2605, 2470
2606, 2470
2607, 2467
2608, 2470
2609, 2457
2610, 2462
2611, 2459
2612, 2467
2613, 2470
2614, 2467
2615, 2464
2616, 2459
2617, 2467
2618, 2470
2619, 2459
2620, 2467
2621, 2465
2622, 2459
2623, 2459
2624, 2467
2625, 2467
2626, 2456
2627, 2459
2628, 2467
2629, 2470
2630, 2470
2631, 2470
2632, 2467
2633, 2456
2634, 2459
2635, 2470
2636, 2467
2637, 2467
2638, 2470
2639, 2467
2640, 2467
2641, 2467
2642, 2467
2643, 2470
2644, 2467
2645, 2463
2646, 2459
2647, 2467
2648, 2459
2649, 2467
2650, 2467
2651, 2470
2652, 2470
2653, 2470
2654, 2470
2655, 2457
2656, 2470
2657, 2470
2658, 2470
2659, 2470
2660, 2467
2661, 2470
2662, 2467
2663, 2467
2664, 2465
2665, 2459
2666, 2467
2667, 2470
2668, 2470
2669, 2467
2670, 2462
2671, 2459
2672, 2465
2673, 2467
2674, 2456
2675, 2465
2676, 2470
2677, 2470
2678, 2470
2679, 2470
2680, 2470
2681, 2470
2682, 2465
2683, 2470
2684, 2470
2685, 2456
2686, 2459
2687, 2470
2688, 2470
2689, 2461
2690, 2470
2691, 2467
2692, 2470
2693, 2470
2694, 2470
2695, 2470
2696, 2470
2697, 2467
2698, 2467
2699, 2470
2700, 2467
2701, 2470
2702, 2467
2703, 2470
2704, 2467
2705, 2470
2706, 2467
2707, 2461
2708, 2470
2709, 2476
2710, 2467
2711, 2467
2712, 2470
2713, 2470
2714, 2470
2715, 2470
2716, 2470
2717, 2470
2718, 2470
2719, 2470
2720, 2459
2721, 2470
2722, 2456
2723, 2459
2724, 2467
2725, 2459
2726, 2459
2727, 2465
2728, 2465
2729, 2456
2730, 2459
2731, 2467
2732, 2459
2733, 2476
2734, 2470
2735, 2467
2736, 2456
2737, 2465
2738, 2465
2739, 2456
2740, 2467
2741, 2467
2742, 2459
2743, 2465
2744, 2467
2745, 2470
2746, 2461
2747, 2456
2748, 2459
2749, 2445
2750, 2470
2751, 2461
2752, 2467
2753, 2470
2754, 2470
2755, 2459
2756, 2456
2757, 2470
2758, 2470
2759, 2467
2760, 2467
2761, 2459
2762, 2470
2763, 2470
2764, 2459
2765, 2470
2766, 2459
2767, 2467
2768, 2459
2769, 2467
2770, 2459
2771, 2467
2772, 2467
2773, 2470
2774, 2470
2775, 2467
2776, 2459
2777, 2470
2778, 2470
2779, 2459
2780, 2467
2781, 2470
2782, 2467
2783, 2470
2784, 2467
2785, 2467
2786, 2467
2787, 2462
2788, 2459
2789, 2467
2790, 2467
2791, 2470
2792, 2459
2793, 2459
2794, 2467
2795, 2470
2796, 2467
2797, 2470
2798, 2465
2799, 2467
2800, 2470
2801, 2470
2802, 2470
2803, 2465
2804, 2470
2805, 2470
2806, 2470
2807, 2470
2808, 2467
2809, 2464
2810, 2459
2811, 2467
2812, 2470
2813, 2470
2814, 2467
2815, 2465
2816, 2465
2817, 2470
2818, 2467
2819, 2461
2820, 2462
2821, 2459
2822, 2456
2823, 2467
2824, 2470
2825, 2461
2826, 2470
2827, 2465
2828, 2461
2829, 2467
2830, 2459
2831, 2459
2832, 2464
2833, 2459
2834, 2459
2835, 2470
2836, 2467
2837, 2467
2838, 2467
2839, 2470
2840, 2467
2841, 2467
2842, 2467
2843, 2465
2844, 2470
2845, 2470
2846, 2470
2847, 2470
2848, 2467
2849, 2470
2850, 2470
2851, 2470
2852, 2459
2853, 2467
2854, 2459
2855, 2465
2856, 2470
2857, 2459
2858, 2470
2859, 2470
2860, 2470
2861, 2470
2862, 2465
2863, 2467
2864, 2467
2865, 2470
2866, 2470
2867, 2470
2868, 2465
2869, 2467
2870, 2464
2871, 2464
2872, 2465
2873, 2470
2874, 2459
2875, 2462
2876, 2459
2877, 2457
2878, 2459
2879, 2470
2880, 2470
2881, 2461
2882, 2467
2883, 2467
2884, 2467
2885, 2470
2886, 2470
2887, 2461
2888, 2470
2889, 2461
2890, 2467
2891, 2470
2892, 2470
2893, 2470
2894, 2470
2895, 2470
2896, 2470
2897, 2467
2898, 2462
2899, 2459
2900, 2465
2901, 2465
2902, 2467
2903, 2467
2904, 2470
2905, 2467
2906, 2465
2907, 2459
2908, 2470
2909, 2470
2910, 2470
2911, 2470
2912, 2467
2913, 2467
2914, 2470
2915, 2470
2916, 2470
2917, 2470
2918, 2470
2919, 2464
2920, 2467
2921, 2461
2922, 2456
2923, 2457
2924, 2470
2925, 2470
2926, 2461
2927, 2465
2928, 2465
2929, 2467
2930, 2467
2931, 2467
2932, 2467
2933, 2467
2934, 2470
2935, 2470
2936, 2467
2937, 2470
2938, 2470
2939, 2467
2940, 2470
2941, 2470
2942, 2470
2943, 2467
2944, 2465
2945, 2470
2946, 2470
2947, 2470
2948, 2467
2949, 2467
2950, 2467
2951, 2470
2952, 2467
2953, 2459
2954, 2467
2955, 2467
2956, 2467
2957, 2470
2958, 2470
2959, 2467
2960, 2467
2961, 2465
2962, 2467
2963, 2470
2964, 2470
2965, 2470
2966, 2465
2967, 2467
2968, 2470
2969, 2470
2970, 2467
2971, 2467
2972, 2467
2973, 2467
2974, 2470
2975, 2470
2976, 2467
2977, 2465
2978, 2470
2979, 2470
2980, 2470
2981, 2467
2982, 2465
2983, 2470
2984, 2470
2985, 2467
2986, 2470
2987, 2467
2988, 2470
2989, 2467
2990, 2470
2991, 2470
2992, 2467
2993, 2459
2994, 2461
2995, 2461
2996, 2470
2997, 2470
2998, 2467
2999, 2467
3000, 2462
3001, 2459
3002, 2459
3003, 2464
3004, 2459
3005, 2467
3006, 2470
3007, 2467
3008, 2467
3009, 2467
3010, 2470
3011, 2470
3012, 2459
3013, 2467
3014, 2470
3015, 2467
3016, 2465
3017, 2459
3018, 2467
3019, 2465
3020, 2465
3021, 2470
3022, 2470
3023, 2467
3024, 2459
3025, 2467
3026, 2465
3027, 2465
3028, 2467
3029, 2470
3030, 2470
3031, 2470
3032, 2467
3033, 2465
3034, 2470
3035, 2470
3036, 2470
3037, 2459
3038, 2459
3039, 2465
3040, 2459
3041, 2459
3042, 2461
3043, 2470
3044, 2465
3045, 2459
3046, 2459
3047, 2470
3048, 2470
3049, 2459
3050, 2470
3051, 2470
3052, 2470
3053, 2465
3054, 2457
3055, 2459
3056, 2470
3057, 2467
3058, 2467
3059, 2459
3060, 2465
3061, 2456
3062, 2459
3063, 2462
3064, 2459
3065, 2465
3066, 2470
3067, 2470
3068, 2470
3069, 2470
3070, 2465
3071, 2470
3072, 2470
3073, 2470
3074, 2467
3075, 2461
3076, 2470
3077, 2467
3078, 2470
3079, 2470
3080, 2459
3081, 2457
3082, 2465
3083, 2459
3084, 2470
3085, 2470
3086, 2467
3087, 2465
3088, 2470
3089, 2467
3090, 2470
3091, 2459
3092, 2459
3093, 2467
3094, 2470
3095, 2464
3096, 2459
3097, 2464
3098, 2461
3099, 2470
3100, 2459
3101, 2467
3102, 2470
3103, 2461
3104, 2459
3105, 2456
3106, 2459
3107, 2459
3108, 2470
3109, 2459
3110, 2470
3111, 2459
3112, 2467
3113, 2465
3114, 2467
3115, 2465
3116, 2470
3117, 2470
3118, 2470
3119, 2467
3120, 2467
3121, 2470
3122, 2470
3123, 2470
3124, 2470
3125, 2459
3126, 2459
3127, 2467
3128, 2467
3129, 2465
3130, 2467
3131, 2461
3132, 2467
3133, 2467
3134, 2465
3135, 2467
3136, 2467
3137, 2467
3138, 2470
3139, 2467
3140, 2467
3141, 2470
3142, 2470
3143, 2470
3144, 2470
3145, 2467
3146, 2470
3147, 2465
3148, 2467
3149, 2470
3150, 2470
3151, 2470
3152, 2467
3153, 2465
3154, 2467
3155, 2470
3156, 2470
3157, 2467
3158, 2465
3159, 2459
3160, 2465
3161, 2467
3162, 2467
3163, 2470
3164, 2467
3165, 2470
3166, 2470
3167, 2470
3168, 2470
3169, 2470
3170, 2470
3171, 2467
3172, 2459
3173, 2461
3174, 2467
3175, 2467
3176, 2465
3177, 2459
3178, 2464
3179, 2459
3180, 2465
3181, 2467
3182, 2470
3183, 2470
3184, 2467
3185, 2467
3186, 2467
3187, 2467
3188, 2467
3189, 2470
3190, 2467
3191, 2467
3192, 2467
3193, 2467
3194, 2467
3195, 2470
3196, 2465
3197, 2459
3198, 2464
3199, 2459
3200, 2459
3201, 2470
3202, 2459
3203, 2470
3204, 2467
3205, 2467
3206, 2470
3207, 2470
3208, 2470
3209, 2459
3210, 2467
3211, 2467
3212, 2465
3213, 2470
3214, 2470
3215, 2470
3216, 2459
3217, 2465
3218, 2465
3219, 2470
3220, 2467
3221, 2470
3222, 2467
3223, 2465
3224, 2470
3225, 2470
3226, 2467
3227, 2470
3228, 2467
3229, 2470
3230, 2470
3231, 2470
3232, 2470
3233, 2467
3234, 2467
3235, 2465
3236, 2470
3237, 2470
3238, 2470
3239, 2470
3240, 2465
3241, 2459
3242, 2465
3243, 2470
3244, 2470
3245, 2470
3246, 2467
3247, 2465
3248, 2470
3249, 2470
3250, 2467
3251, 2467
3252, 2465
3253, 2470
3254, 2470
3255, 2470
3256, 2467
3257, 2470
3258, 2467
3259, 2467
3260, 2470
3261, 2467
3262, 2467
3263, 2467
3264, 2467
3265, 2470
3266, 2467
3267, 2467
3268, 2467
3269, 2467
3270, 2467
3271, 2465
3272, 2467
3273, 2457
3274, 2470
3275, 2470
3276, 2467
3277, 2467
3278, 2470
3279, 2465
3280, 2470
3281, 2470
3282, 2470
3283, 2467
3284, 2470
3285, 2470
3286, 2467
3287, 2467
3288, 2467
3289, 2467
3290, 2470
3291, 2467
3292, 2463
3293, 2459
3294, 2470
3295, 2467
3296, 2470
3297, 2467
3298, 2467
3299, 2465
3300, 2467
3301, 2470
3302, 2470
3303, 2470
3304, 2465
3305, 2459
3306, 2470
3307, 2470
3308, 2470
3309, 2467
3310, 2465
3311, 2467
3312, 2470
3313, 2462
3314, 2459
3315, 2467
3316, 2465
3317, 2470
3318, 2470
3319, 2467
3320, 2467
3321, 2470
3322, 2470
3323, 2470
3324, 2470
3325, 2467
3326, 2470
3327, 2470
3328, 2470
3329, 2470
3330, 2467
3331, 2465
3332, 2470
3333, 2467
3334, 2467
3335, 2465
3336, 2465
3337, 2467
3338, 2470
3339, 2470
3340, 2467
3341, 2467
3342, 2467
3343, 2470
3344, 2467
3345, 2467
3346, 2467
3347, 2470
3348, 2470
3349, 2470
3350, 2467
3351, 2470
3352, 2470
3353, 2470
3354, 2467
3355, 2467
3356, 2465
3357, 2465
3358, 2470
3359, 2467
3360, 2467
3361, 2464
3362, 2459
3363, 2467
3364, 2470
3365, 2467
3366, 2465
3367, 2470
3368, 2467
3369, 2459
3370, 2470
3371, 2467
3372, 2467
3373, 2470
3374, 2470
3375, 2470
3376, 2467
3377, 2470
3378, 2470
3379, 2470
3380, 2467
3381, 2467
3382, 2470
3383, 2467
3384, 2470
3385, 2470
3386, 2467
3387, 2465
3388, 2467
3389, 2470
3390, 2470
3391, 2467
3392, 2467
3393, 2470
3394, 2467
3395, 2470
3396, 2470
3397, 2467
3398, 2465
3399, 2470
3400, 2470
3401, 2459
3402, 2470
3403, 2470
3404, 2465
3405, 2467
3406, 2467
3407, 2462
3408, 2459
3409, 2465
3410, 2467
3411, 2467
3412, 2462
3413, 2459
3414, 2465
3415, 2467
3416, 2470
3417, 2470
3418, 2467
3419, 2467
3420, 2467
3421, 2470
3422, 2467
3423, 2470
3424, 2467
3425, 2465
3426, 2467
3427, 2459
3428, 2467
3429, 2470
3430, 2465
3431, 2467
3432, 2467
3433, 2459
3434, 2467
3435, 2470
3436, 2467
3437, 2467
3438, 2470
3439, 2470
3440, 2470
3441, 2470
3442, 2465
3443, 2470
3444, 2470
3445, 2470
3446, 2467
3447, 2459
3448, 2465
3449, 2470
3450, 2470
3451, 2467
3452, 2465
3453, 2467
3454, 2470
3455, 2470
3456, 2470
3457, 2465
3458, 2470
3459, 2467
3460, 2462
3461, 2459
3462, 2465
3463, 2470
3464, 2470
3465, 2459
3466, 2470
3467, 2470
3468, 2465
3469, 2465
3470, 2459
3471, 2467
3472, 2462
3473, 2459
3474, 2467
3475, 2467
3476, 2465
3477, 2459
3478, 2459
3479, 2470
3480, 2467
3481, 2459
3482, 2445
3483, 2467
3484, 2457
3485, 2456
3486, 2457
3487, 2456
3488, 2456
3489, 2459
3490, 2456
3491, 2456
3492, 2456
3493, 2457
3494, 2462
3495, 2459
3496, 2457
3497, 2456
3498, 2456
3499, 2456
3500, 2457
3501, 2456
3502, 2457
3503, 2456
3504, 2456
3505, 2457
3506, 2457
3507, 2456
3508, 2456
3509, 2456
3510, 2456
3511, 2457
3512, 2457
3513, 2456
3514, 2456
3515, 2456
3516, 2459
3517, 2456
3518, 2459
3519, 2461
3520, 2456
3521, 2456
3522, 2457
3523, 2456
3524, 2465
3525, 2456
3526, 2456
3527, 2456
3528, 2459
3529, 2467
3530, 2456
3531, 2459
3532, 2470
3533, 2459
3534, 2459
3535, 2467
3536, 2465
3537, 2459
3538, 2459
3539, 2459
3540, 2456
3541, 2459
3542, 2457
3543, 2459
3544, 2470
3545, 2459
3546, 2456
3547, 2456
3548, 2457
3549, 2467
3550, 2456
3551, 2459
3552, 2456
3553, 2456
3554, 2456
3555, 2456
3556, 2456
3557, 2456
3558, 2456
3559, 2459
3560, 2457
3561, 2459
3562, 2457
3563, 2456
3564, 2456
3565, 2456
3566, 2456
3567, 2456
3568, 2456
3569, 2456
3570, 2456
3571, 2456
3572, 2456
3573, 2457
3574, 2456
3575, 2457
3576, 2457
3577, 2456
3578, 2459
3579, 2456
3580, 2456
3581, 2456
3582, 2456
3583, 2456
3584, 2456
3585, 2456
3586, 2456
3587, 2467
3588, 2456
3589, 2467
3590, 2457
3591, 2456
3592, 2465
3593, 2457
3594, 2459
3595, 2467
3596, 2459
3597, 2459
3598, 2459
3599, 2456
3600, 2459
3601, 2457
3602, 2456
3603, 2456
3604, 2456
3605, 2459
3606, 2459
3607, 2459
3608, 2456
3609, 2456
3610, 2470
3611, 2456
3612, 2456
3613, 2459
3614, 2465
3615, 2456
3616, 2457
3617, 2459
3618, 2470
3619, 2476
3620, 2470
3621, 2470
3622, 2470
3623, 2476
3624, 2470
3625, 2467
3626, 2470
3627, 2470
3628, 2470
3629, 2476
3630, 2470
3631, 2470
3632, 2470
3633, 2467
3634, 2467
3635, 2476
3636, 2470
3637, 2470
3638, 2470
3639, 2465
3640, 2467
3641, 2467
3642, 2470
3643, 2470
3644, 2470
3645, 2467
3646, 2465
3647, 2470
3648, 2470
3649, 2470
3650, 2463
3651, 2459
3652, 2465
3653, 2467
3654, 2467
3655, 2470
3656, 2467
3657, 2461
3658, 2463
3659, 2459
3660, 2470
3661, 2470
3662, 2470
3663, 2476
3664, 2470
3665, 2470
3666, 2467
3667, 2467
3668, 2470
3669, 2465
3670, 2459
3671, 2470
3672, 2470
3673, 2462
3674, 2459
3675, 2470
3676, 2464
3677, 2459
3678, 2461
3679, 2467
3680, 2467
3681, 2467
3682, 2465
3683, 2467
3684, 2470
3685, 2470
3686, 2467
3687, 2467
3688, 2467
3689, 2457
3690, 2467
3691, 2467
3692, 2467
3693, 2461
3694, 2461
3695, 2459
3696, 2467
3697, 2470
3698, 2467
3699, 2467
3700, 2470
3701, 2467
3702, 2467
3703, 2470
3704, 2470
3705, 2470
3706, 2465
3707, 2465
3708, 2476
3709, 2470
3710, 2467
3711, 2459
3712, 2467
3713, 2465
3714, 2467
3715, 2461
3716, 2461
3717, 2467
3718, 2459
3719, 2465
3720, 2470
3721, 2459
3722, 2459
3723, 2463
3724, 2459
3725, 2465
3726, 2464
3727, 2459
3728, 2467
3729, 2462
3730, 2459
3731, 2459
3732, 2470
3733, 2476
3734, 2470
3735, 2470
3736, 2467
3737, 2467
3738, 2467
3739, 2467
3740, 2461
3741, 2461
3742, 2467
3743, 2464
3744, 2459
3745, 2470
3746, 2470
3747, 2467
3748, 2467
3749, 2465
3750, 2459
3751, 2459
3752, 2457
3753, 2457
3754, 2470
3755, 2470
3756, 2467
3757, 2470
3758, 2470
3759, 2470
3760, 2470
3761, 2467
3762, 2467
3763, 2464
3764, 2459
3765, 2461
3766, 2467
3767, 2467
3768, 2465
3769, 2465
3770, 2470
3771, 2470
3772, 2459
3773, 2462
3774, 2459
3775, 2465
3776, 2467
3777, 2467
3778, 2467
3779, 2470
3780, 2467
3781, 2464
3782, 2459
3783, 2470
3784, 2467
3785, 2459
3786, 2459
3787, 2462
3788, 2459
3789, 2459
3790, 2456
3791, 2459
3792, 2462
3793, 2459
3794, 2465
3795, 2470
3796, 2470
3797, 2467
3798, 2470
3799, 2470
3800, 2470
3801, 2467
3802, 2465
3803, 2470
3804, 2459
3805, 2470
3806, 2459
3807, 2470
3808, 2470
3809, 2465
3810, 2464
3811, 2459
3812, 2461
3813, 2470
3814, 2467
3815, 2465
3816, 2470
3817, 2467
3818, 2467
3819, 2461
3820, 2465
3821, 2470
3822, 2470
3823, 2467
3824, 2470
3825, 2459
3826, 2467
3827, 2470
3828, 2470
3829, 2459
3830, 2462
3831, 2459
3832, 2467
3833, 2470
3834, 2470
3835, 2456
3836, 2457
3837, 2470
3838, 2470
3839, 2467
3840, 2467
3841, 2467
3842, 2470
3843, 2467
3844, 2465
3845, 2467
3846, 2470
3847, 2470
3848, 2470
3849, 2461
3850, 2470
3851, 2467
3852, 2467
3853, 2467
3854, 2470
3855, 2470
3856, 2467
3857, 2465
3858, 2470
3859, 2470
3860, 2467
3861, 2461
3862, 2467
3863, 2465
3864, 2467
3865, 2465
3866, 2470
3867, 2467
3868, 2467
3869, 2464
3870, 2459
3871, 2470
3872, 2470
3873, 2467
3874, 2465
3875, 2470
3876, 2467
3877, 2470
3878, 2459
3879, 2467
3880, 2470
3881, 2459
3882, 2459
3883, 2467
3884, 2470
3885, 2459
3886, 2467
3887, 2470
3888, 2467
3889, 2464
3890, 2459
3891, 2470
3892, 2467
3893, 2465
3894, 2465
3895, 2470
3896, 2470
3897, 2470
3898, 2467
3899, 2465
3900, 2459
3901, 2467
3902, 2459
3903, 2465
3904, 2470
3905, 2461
3906, 2465
3907, 2465
3908, 2470
3909, 2470
3910, 2470
3911, 2467
3912, 2459
3913, 2459
3914, 2465
3915, 2459
3916, 2467
3917, 2467
3918, 2470
3919, 2467
3920, 2467
3921, 2476
3922, 2470
3923, 2470
3924, 2465
3925, 2470
3926, 2470
3927, 2462
3928, 2459
3929, 2465
3930, 2467
3931, 2470
3932, 2461
3933, 2467
3934, 2470
3935, 2470
3936, 2465
3937, 2470
3938, 2470
3939, 2467
3940, 2470
3941, 2467
3942, 2470
3943, 2467
3944, 2467
3945, 2459
3946, 2470
3947, 2470
3948, 2470
3949, 2461
3950, 2467
3951, 2464
3952, 2459
3953, 2459
3954, 2457
3955, 2470
3956, 2470
3957, 2467
3958, 2464
3959, 2467
3960, 2470
3961, 2467
3962, 2470
3963, 2467
3964, 2467
3965, 2467
3966, 2462
3967, 2459
3968, 2467
3969, 2465
3970, 2467
3971, 2467
3972, 2470
3973, 2467
3974, 2459
3975, 2457
3976, 2467
3977, 2459
3978, 2467
3979, 2470
3980, 2467
3981, 2465
3982, 2464
3983, 2457
3984, 2470
3985, 2470
3986, 2470
3987, 2467
3988, 2470
3989, 2459
3990, 2459
3991, 2470
3992, 2470
3993, 2470
3994, 2459
3995, 2459
3996, 2459
3997, 2470
3998, 2456
3999, 2459
4000, 2467
4001, 2470
4002, 2470
4003, 2467
4004, 2465
4005, 2470
4006, 2470
4007, 2459
4008, 2470
4009, 2459
4010, 2467
4011, 2465
4012, 2470
4013, 2467
4014, 2470
4015, 2470
4016, 2467
4017, 2465
4018, 2470
4019, 2470
4020, 2467
4021, 2470
4022, 2467
4023, 2467
4024, 2461
4025, 2470
4026, 2467
4027, 2459
4028, 2465
4029, 2467
4030, 2470
4031, 2470
4032, 2467
4033, 2467
4034, 2470
4035, 2470
4036, 2462
4037, 2459
4038, 2470
4039, 2465
4040, 2470
4041, 2459
4042, 2461
4043, 2459
4044, 2467
4045, 2459
4046, 2470
4047, 2467
4048, 2470
4049, 2470
4050, 2470
4051, 2467
4052, 2467
4053, 2467
4054, 2470
4055, 2467
4056, 2467
4057, 2464
4058, 2459
4059, 2470
4060, 2470
4061, 2467
4062, 2465
4063, 2470
4064, 2467
4065, 2467
4066, 2465
4067, 2459
4068, 2464
4069, 2457
4070, 2459
4071, 2470
4072, 2470
4073, 2459
4074, 2467
4075, 2467
4076, 2470
4077, 2467
4078, 2470
4079, 2470
4080, 2467
4081, 2467
4082, 2467
4083, 2470
4084, 2470
4085, 2470
4086, 2464
4087, 2459
4088, 2461
4089, 2462
4090, 2457
4091, 2459
4092, 2459
4093, 2461
4094, 2470
4095, 2459
4096, 2465
4097, 2470
4098, 2470
4099, 2467
4100, 2467
4101, 2465
4102, 2465
4103, 2467
4104, 2470
4105, 2459
4106, 2467
4107, 2467
4108, 2459
4109, 2470
4110, 2470
4111, 2467
4112, 2467
4113, 2467
4114, 2464
4115, 2459
4116, 2465
4117, 2470
4118, 2470
4119, 2467
4120, 2470
4121, 2459
4122, 2470
4123, 2470
4124, 2467
4125, 2467
4126, 2470
4127, 2470
4128, 2470
4129, 2470
4130, 2467
4131, 2467
4132, 2464
4133, 2459
4134, 2461
4135, 2470
4136, 2467
4137, 2459
4138, 2464
4139, 2459
4140, 2461
4141, 2467
4142, 2467
4143, 2467
4144, 2467
4145, 2467
4146, 2462
4147, 2459
4148, 2470
4149, 2467
4150, 2467
4151, 2467
4152, 2470
4153, 2470
4154, 2467
4155, 2465
4156, 2464
4157, 2459
4158, 2457
4159, 2461
4160, 2470
4161, 2459
4162, 2467
4163, 2470
4164, 2465
4165, 2465
4166, 2465
4167, 2467
4168, 2470
4169, 2459
4170, 2467
4171, 2465
4172, 2459
4173, 2476
4174, 2456
4175, 2459
4176, 2467
4177, 2470
4178, 2459
4179, 2459
4180, 2470
4181, 2467
4182, 2459
4183, 2459
4184, 2456
4185, 2456
4186, 2459
4187, 2457
4188, 2445
4189, 2456
4190, 2457
4191, 2459
4192, 2456
4193, 2457
4194, 2457
4195, 2477
4196, 2476
4197, 2465
4198, 2467
4199, 2470
4200, 2467
4201, 2459
4202, 2461
4203, 2467
4204, 2467
4205, 2467
4206, 2459
4207, 2467
4208, 2476
4209, 2459
4210, 2459
4211, 2461
4212, 2467
4213, 2470
4214, 2470
4215, 2465
4216, 2470
4217, 2470
4218, 2467
4219, 2467
4220, 2467
4221, 2459
4222, 2467
4223, 2461
4224, 2467
4225, 2465
4226, 2470
4227, 2464
4228, 2459
4229, 2467
4230, 2462
4231, 2459
4232, 2467
4233, 2461
4234, 2470
4235, 2467
4236, 2464
4237, 2459
4238, 2467
4239, 2467
4240, 2467
4241, 2470
4242, 2465
4243, 2464
4244, 2457
4245, 2459
4246, 2459
4247, 2461
4248, 2459
4249, 2467
4250, 2467
4251, 2459
4252, 2467
4253, 2467
4254, 2470
4255, 2461
4256, 2456
4257, 2467
4258, 2470
4259, 2470
4260, 2470
4261, 2470
4262, 2467
4263, 2467
4264, 2465
4265, 2459
4266, 2467
4267, 2456
4268, 2456
4269, 2467
4270, 2470
4271, 2470
4272, 2470
4273, 2470
4274, 2456
4275, 2457
4276, 2456
4277, 2456
4278, 2459
4279, 2459
4280, 2456
4281, 2456
4282, 2467
4283, 2470
4284, 2456
4285, 2457
4286, 2467
4287, 2456
4288, 2459
4289, 2476
4290, 2470
4291, 2470
4292, 2457
4293, 2470
4294, 2476
4295, 2470
4296, 2470
4297, 2459
4298, 2470
4299, 2459
4300, 2470
4301, 2470
4302, 2470
4303, 2470
4304, 2467
4305, 2476
4306, 2459
4307, 2470
4308, 2476
4309, 2470
4310, 2459
4311, 2476
4312, 2467
4313, 2470
4314, 2467
4315, 2467
4316, 2467
4317, 2470
4318, 2470
4319, 2467
4320, 2459
4321, 2459
4322, 2459
4323, 2470
4324, 2470
4325, 2467
4326, 2470
4327, 2467
4328, 2467
4329, 2467
4330, 2465
4331, 2459
4332, 2467
4333, 2470
4334, 2467
4335, 2457
4336, 2470
4337, 2459
4338, 2459
4339, 2467
4340, 2470
4341, 2470
4342, 2467
4343, 2467
4344, 2464
4345, 2459
4346, 2459
4347, 2470
4348, 2470
4349, 2470
4350, 2476
4351, 2470
4352, 2470
4353, 2470
4354, 2467
4355, 2465
4356, 2467
4357, 2459
4358, 2461
4359, 2470
4360, 2470
4361, 2459
4362, 2465
4363, 2465
4364, 2470
4365, 2467
4366, 2470
4367, 2470
4368, 2465
4369, 2467
4370, 2464
4371, 2459
4372, 2470
4373, 2470
4374, 2470
4375, 2465
4376, 2470
4377, 2465
4378, 2470
4379, 2470
4380, 2467
4381, 2464
4382, 2459
4383, 2461
4384, 2470
4385, 2470
4386, 2465
4387, 2470
4388, 2467
4389, 2470
4390, 2467
4391, 2465
4392, 2465
4393, 2459
4394, 2459
4395, 2467
4396, 2470
4397, 2470
4398, 2465
4399, 2465
4400, 2470
4401, 2467
4402, 2456
4403, 2459
4404, 2467
4405, 2462
4406, 2459
4407, 2470
4408, 2470
4409, 2464
4410, 2459
4411, 2470
4412, 2470
4413, 2467
4414, 2459
4415, 2465
4416, 2465
4417, 2467
4418, 2470
4419, 2470
4420, 2470
4421, 2465
4422, 2459
4423, 2459
4424, 2462
4425, 2459
4426, 2465
4427, 2465
4428, 2465
4429, 2459
4430, 2459
4431, 2470
4432, 2467
4433, 2459
4434, 2445
4435, 2459
4436, 2470
4437, 2470
4438, 2467
4439, 2465
4440, 2464
4441, 2470
4442, 2470
4443, 2470
4444, 2467
4445, 2465
4446, 2467
4447, 2470
4448, 2467
4449, 2467
4450, 2467
4451, 2465
4452, 2470
4453, 2467
4454, 2470
4455, 2467
4456, 2465
4457, 2465
4458, 2467
4459, 2467
4460, 2470
4461, 2467
4462, 2465
4463, 2464
4464, 2467
4465, 2470
4466, 2470
4467, 2467
4468, 2467
4469, 2467
4470, 2467
4471, 2463
4472, 2459
4473, 2465
4474, 2459
4475, 2464
4476, 2459
4477, 2470
4478, 2470
4479, 2467
4480, 2465
4481, 2467
4482, 2470
4483, 2467
4484, 2470
4485, 2470
4486, 2465
4487, 2465
4488, 2470
4489, 2459
4490, 2459
4491, 2445
4492, 2461
4493, 2459
4494, 2467
4495, 2465
4496, 2465
4497, 2459
4498, 2456
4499, 2459
4500, 2467
4501, 2470
4502, 2459
4503, 2465
4504, 2470
4505, 2457
4506, 2467
4507, 2467
4508, 2470
4509, 2476
4510, 2467
4511, 2470
4512, 2467
4513, 2467
4514, 2456
4515, 2456
4516, 2459
4517, 2467
4518, 2456
4519, 2456
4520, 2459
4521, 2467
4522, 2470
4523, 2459
4524, 2459
4525, 2470
4526, 2470
4527, 2465
4528, 2459
4529, 2465
4530, 2459
4531, 2470
4532, 2470
4533, 2470
4534, 2465
4535, 2459
4536, 2459
4537, 2470
4538, 2470
4539, 2467
4540, 2459
4541, 2459
4542, 2459
4543, 2467
4544, 2467
4545, 2467
4546, 2459
4547, 2445
4548, 2476
4549, 2470
4550, 2456
4551, 2456
4552, 2457
4553, 2456
4554, 2456
4555, 2456
4556, 2456
4557, 2456
4558, 2456
4559, 2456
4560, 2456
4561, 2457
4562, 2456
4563, 2456
4564, 2456
4565, 2457
4566, 2456
4567, 2456
4568, 2459
4569, 2470
4570, 2456
4571, 2456
4572, 2459
4573, 2459
4574, 2483
4575, 2491
4576, 2491
4577, 2487
4578, 2491
4579, 2486
4580, 2486
4581, 2486
4582, 2486
4583, 2486
4584, 2476
4585, 2470
4586, 2470
4587, 2476
4588, 2470
4589, 2470
4590, 2476
4591, 2467
4592, 2459
4593, 2470
4594, 2470
4595, 2459
4596, 2459
4597, 2476
4598, 2457
4599, 2467
4600, 2477
4601, 2477
4602, 2459
4603, 2457
4604, 2456
4605, 2464
4606, 2465
4607, 2457
4608, 2470
4609, 2470
4610, 2457
4611, 2459
4612, 2459
4613, 2470
4614, 2467
4615, 2457
4616, 2465
4617, 2456
4618, 2459
4619, 2470
4620, 2470
4621, 2476
4622, 2459
4623, 2456
4624, 2456
4625, 2461
4626, 2457
4627, 2457
4628, 2456
4629, 2457
4630, 2467
4631, 2467
4632, 2470
4633, 2459
4634, 2470
4635, 2470
4636, 2470
4637, 2470
4638, 2470
4639, 2470
4640, 2465
4641, 2470
4642, 2476
4643, 2467
4644, 2467
4645, 2470
4646, 2467
4647, 2464
4648, 2459
4649, 2459
4650, 2467
4651, 2470
4652, 2470
4653, 2467
4654, 2470
4655, 2470
4656, 2470
4657, 2470
4658, 2470
4659, 2467
4660, 2467
4661, 2470
4662, 2470
4663, 2470
4664, 2470
4665, 2467
4666, 2470
4667, 2470
4668, 2470
4669, 2467
4670, 2467
4671, 2465
4672, 2459
4673, 2467
4674, 2467
4675, 2461
4676, 2467
4677, 2467
4678, 2465
4679, 2464
4680, 2459
4681, 2459
4682, 2467
4683, 2470
4684, 2470
4685, 2467
4686, 2467
4687, 2470
4688, 2470
4689, 2470
4690, 2470
4691, 2467
4692, 2464
4693, 2459
4694, 2461
4695, 2461
4696, 2467
4697, 2465
4698, 2470
4699, 2462
4700, 2459
4701, 2467
4702, 2465
4703, 2467
4704, 2470
4705, 2470
4706, 2470
4707, 2467
4708, 2470
4709, 2470
4710, 2456
4711, 2467
4712, 2470
4713, 2463
4714, 2459
4715, 2464
4716, 2459
4717, 2467
4718, 2461
4719, 2467
4720, 2465
4721, 2467
4722, 2467
4723, 2467
4724, 2467
4725, 2465
4726, 2467
4727, 2459
4728, 2459
4729, 2470
4730, 2470
4731, 2467
4732, 2456
4733, 2459
4734, 2467
4735, 2467
4736, 2465
4737, 2467
4738, 2470
4739, 2470
4740, 2470
4741, 2459
4742, 2470
4743, 2467
4744, 2465
4745, 2459
4746, 2467
4747, 2470
4748, 2470
4749, 2467
4750, 2467
4751, 2470
4752, 2470
4753, 2467
4754, 2467
4755, 2470
4756, 2470
4757, 2470
4758, 2467
4759, 2467
4760, 2467
4761, 2462
4762, 2459
4763, 2465
4764, 2459
4765, 2464
4766, 2459
4767, 2470
4768, 2470
4769, 2467
4770, 2470
4771, 2470
4772, 2470
4773, 2470
4774, 2467
4775, 2467
4776, 2470
4777, 2457
4778, 2467
4779, 2470
4780, 2470
4781, 2470
4782, 2470
4783, 2465
4784, 2465
4785, 2467
4786, 2467
4787, 2461
4788, 2467
4789, 2465
4790, 2467
4791, 2467
4792, 2470
4793, 2470
4794, 2467
4795, 2464
4796, 2459
4797, 2465
4798, 2470
4799, 2467
4800, 2467
4801, 2470
4802, 2470
4803, 2470
4804, 2467
4805, 2467
4806, 2470
4807, 2467
4808, 2467
4809, 2459
4810, 2459
4811, 2462
4812, 2459
4813, 2465
4814, 2470
4815, 2470
4816, 2470
4817, 2467
4818, 2465
4819, 2467
4820, 2470
4821, 2470
4822, 2470
4823, 2467
4824, 2470
4825, 2470
4826, 2470
4827, 2470
4828, 2470
4829, 2470
4830, 2470
4831, 2459
4832, 2467
4833, 2467
4834, 2467
4835, 2470
4836, 2470
4837, 2470
4838, 2470
4839, 2467
4840, 2467
4841, 2459
4842, 2470
4843, 2467
4844, 2467
4845, 2456
4846, 2459
4847, 2467
4848, 2467
4849, 2470
4850, 2470
4851, 2470
4852, 2467
4853, 2467
4854, 2467
4855, 2470
4856, 2470
4857, 2467
4858, 2465
4859, 2470
4860, 2470
4861, 2470
4862, 2467
4863, 2470
4864, 2467
4865, 2467
4866, 2467
4867, 2465
4868, 2467
4869, 2470
4870, 2470
4871, 2467
4872, 2467
4873, 2459
4874, 2467
4875, 2463
4876, 2459
4877, 2465
4878, 2467
4879, 2467
4880, 2470
4881, 2467
4882, 2467
4883, 2467
4884, 2467
4885, 2470
4886, 2467
4887, 2467
4888, 2467
4889, 2470
4890, 2470
4891, 2467
4892, 2467
4893, 2470
4894, 2470
4895, 2470
4896, 2470
4897, 2470
4898, 2467
4899, 2470
4900, 2467
4901, 2465
4902, 2467
4903, 2470
4904, 2470
4905, 2459
4906, 2459
4907, 2465
4908, 2470
4909, 2470
4910, 2467
4911, 2467
4912, 2465
4913, 2470
4914, 2470
4915, 2470
4916, 2467
4917, 2470
4918, 2470
4919, 2470
4920, 2467
4921, 2465
4922, 2467
4923, 2467
4924, 2470
4925, 2467
4926, 2465
4927, 2470
4928, 2470
4929, 2470
4930, 2467
4931, 2465
4932, 2467
4933, 2470
4934, 2470
4935, 2467
4936, 2467
4937, 2459
4938, 2459
4939, 2470
4940, 2470
4941, 2470
4942, 2467
4943, 2467
4944, 2467
4945, 2459
4946, 2470
4947, 2470
4948, 2467
4949, 2470
4950, 2470
4951, 2470
4952, 2467
4953, 2465
4954, 2470
4955, 2470
4956, 2470
4957, 2467
4958, 2467
4959, 2470
4960, 2470
4961, 2467
4962, 2467
4963, 2470
4964, 2470
4965, 2470
4966, 2465
4967, 2465
4968, 2470
4969, 2459
4970, 2462
4971, 2459
4972, 2467
4973, 2467
4974, 2470
4975, 2470
4976, 2470
4977, 2467
4978, 2470
4979, 2470
4980, 2470
4981, 2467
4982, 2467
4983, 2470
4984, 2470
4985, 2470
4986, 2467
4987, 2467
4988, 2467
4989, 2461
4990, 2470
4991, 2467
4992, 2464
4993, 2459
4994, 2467
4995, 2470
4996, 2467
4997, 2465
4998, 2467
4999, 2467
